Zip Code,DateObserved,AQI,Category,ParameterName,ReportingArea,StateCode,Latitude,Longitude
32003,2024-09-04,24,Good,PM2.5,Jacksonville,FL,30.335,-81.658
32003,2024-09-04,11,Good,PM10,Jacksonville,FL,30.335,-81.658
32008,2024-09-04,35,Good,PM2.5,Columbia and Suwannee Counties,FL,30.174,-82.793
32009,2024-09-04,43,Good,PM2.5,Nassau County,FL,30.5927,-81.822
32011,2024-09-04,43,Good,PM2.5,Nassau County,FL,30.5927,-81.822
32024,2024-09-04,35,Good,PM2.5,Columbia and Suwannee Counties,FL,30.174,-82.793
32025,2024-09-04,35,Good,PM2.5,Columbia and Suwannee Counties,FL,30.174,-82.793
32034,2024-09-04,43,Good,PM2.5,Nassau County,FL,30.5927,-81.822
32038,2024-09-04,35,Good,PM2.5,Columbia and Suwannee Counties,FL,30.174,-82.793
32040,2024-09-04,43,Good,PM2.5,Baker County,FL,30.3931,-82.3018
32043,2024-09-04,53,Moderate,PM10,Putnam County,FL,29.6127,-81.9238
32044,2024-09-04,24,Good,PM2.5,Gainesville,FL,29.6519,-82.325
32046,2024-09-04,43,Good,PM2.5,Nassau County,FL,30.5927,-81.822
32052,2024-09-04,52,Moderate,PM2.5,Hamilton County,FL,30.476,-82.95
32053,2024-09-04,52,Moderate,PM2.5,Hamilton County,FL,30.476,-82.95
32054,2024-09-04,24,Good,PM2.5,Gainesville,FL,29.6519,-82.325
32055,2024-09-04,35,Good,PM2.5,Columbia and Suwannee Counties,FL,30.174,-82.793
32059,2024-09-04,52,Moderate,PM2.5,Hamilton County,FL,30.476,-82.95
32060,2024-09-04,52,Moderate,PM2.5,Hamilton County,FL,30.476,-82.95
32061,2024-09-04,35,Good,PM2.5,Columbia and Suwannee Counties,FL,30.174,-82.793
32062,2024-09-04,35,Good,PM2.5,Columbia and Suwannee Counties,FL,30.174,-82.793
32063,2024-09-04,43,Good,PM2.5,Baker County,FL,30.3931,-82.3018
32064,2024-09-04,52,Moderate,PM2.5,Hamilton County,FL,30.476,-82.95
32065,2024-09-04,24,Good,PM2.5,Jacksonville,FL,30.335,-81.658
32065,2024-09-04,11,Good,PM10,Jacksonville,FL,30.335,-81.658
32066,2024-09-04,35,Good,PM2.5,Columbia and Suwannee Counties,FL,30.174,-82.793
32068,2024-09-04,24,Good,PM2.5,Jacksonville,FL,30.335,-81.658
32068,2024-09-04,11,Good,PM10,Jacksonville,FL,30.335,-81.658
32071,2024-09-04,35,Good,PM2.5,Columbia and Suwannee Counties,FL,30.174,-82.793
32073,2024-09-04,24,Good,PM2.5,Jacksonville,FL,30.335,-81.658
32073,2024-09-04,11,Good,PM10,Jacksonville,FL,30.335,-81.658
32081,2024-09-04,24,Good,PM2.5,Jacksonville,FL,30.335,-81.658
32081,2024-09-04,11,Good,PM10,Jacksonville,FL,30.335,-81.658
32082,2024-09-04,24,Good,PM2.5,Jacksonville,FL,30.335,-81.658
32082,2024-09-04,11,Good,PM10,Jacksonville,FL,30.335,-81.658
32083,2024-09-04,43,Good,PM2.5,Baker County,FL,30.3931,-82.3018
32087,2024-09-04,43,Good,PM2.5,Baker County,FL,30.3931,-82.3018
32091,2024-09-04,24,Good,PM2.5,Gainesville,FL,29.6519,-82.325
32094,2024-09-04,35,Good,PM2.5,Columbia and Suwannee Counties,FL,30.174,-82.793
32096,2024-09-04,35,Good,PM2.5,Columbia and Suwannee Counties,FL,30.174,-82.793
32097,2024-09-04,43,Good,PM2.5,Nassau County,FL,30.5927,-81.822
32099,2024-09-04,24,Good,PM2.5,Jacksonville,FL,30.335,-81.658
32099,2024-09-04,11,Good,PM10,Jacksonville,FL,30.335,-81.658
32113,2024-09-04,39,Good,PM2.5,Ocala,FL,29.1871,-82.1404
32114,2024-09-04,23,Good,PM2.5,Daytona Beach,FL,29.2072,-81.0378
32114,2024-09-04,11,Good,PM10,Daytona Beach,FL,29.2072,-81.0378
32117,2024-09-04,23,Good,PM2.5,Daytona Beach,FL,29.2072,-81.0378
32117,2024-09-04,11,Good,PM10,Daytona Beach,FL,29.2072,-81.0378
32118,2024-09-04,23,Good,PM2.5,Daytona Beach,FL,29.2072,-81.0378
32118,2024-09-04,11,Good,PM10,Daytona Beach,FL,29.2072,-81.0378
32119,2024-09-04,23,Good,PM2.5,Daytona Beach,FL,29.2072,-81.0378
32119,2024-09-04,11,Good,PM10,Daytona Beach,FL,29.2072,-81.0378
32124,2024-09-04,23,Good,PM2.5,Daytona Beach,FL,29.2072,-81.0378
32124,2024-09-04,11,Good,PM10,Daytona Beach,FL,29.2072,-81.0378
32127,2024-09-04,23,Good,PM2.5,Daytona Beach,FL,29.2072,-81.0378
32127,2024-09-04,11,Good,PM10,Daytona Beach,FL,29.2072,-81.0378
32128,2024-09-04,23,Good,PM2.5,Daytona Beach,FL,29.2072,-81.0378
32128,2024-09-04,11,Good,PM10,Daytona Beach,FL,29.2072,-81.0378
32129,2024-09-04,23,Good,PM2.5,Daytona Beach,FL,29.2072,-81.0378
32129,2024-09-04,11,Good,PM10,Daytona Beach,FL,29.2072,-81.0378
32130,2024-09-04,23,Good,PM2.5,Daytona Beach,FL,29.2072,-81.0378
32130,2024-09-04,11,Good,PM10,Daytona Beach,FL,29.2072,-81.0378
32131,2024-09-04,53,Moderate,PM10,Putnam County,FL,29.6127,-81.9238
32132,2024-09-04,23,Good,PM2.5,Daytona Beach,FL,29.2072,-81.0378
32132,2024-09-04,11,Good,PM10,Daytona Beach,FL,29.2072,-81.0378
32134,2024-09-04,53,Moderate,PM10,Putnam County,FL,29.6127,-81.9238
32136,2024-09-04,23,Good,PM2.5,Daytona Beach,FL,29.2072,-81.0378
32136,2024-09-04,11,Good,PM10,Daytona Beach,FL,29.2072,-81.0378
32139,2024-09-04,53,Moderate,PM10,Putnam County,FL,29.6127,-81.9238
32140,2024-09-04,53,Moderate,PM10,Putnam County,FL,29.6127,-81.9238
32141,2024-09-04,23,Good,PM2.5,Daytona Beach,FL,29.2072,-81.0378
32141,2024-09-04,11,Good,PM10,Daytona Beach,FL,29.2072,-81.0378
32148,2024-09-04,53,Moderate,PM10,Putnam County,FL,29.6127,-81.9238
32159,2024-09-04,24,Good,PM2.5,Lake County,FL,28.703,-81.779
32162,2024-09-04,39,Good,PM2.5,Ocala,FL,29.1871,-82.1404
32163,2024-09-04,24,Good,PM2.5,Lake County,FL,28.703,-81.779
32168,2024-09-04,23,Good,PM2.5,Daytona Beach,FL,29.2072,-81.0378
32168,2024-09-04,11,Good,PM10,Daytona Beach,FL,29.2072,-81.0378
32169,2024-09-04,23,Good,PM2.5,Daytona Beach,FL,29.2072,-81.0378
32169,2024-09-04,11,Good,PM10,Daytona Beach,FL,29.2072,-81.0378
32174,2024-09-04,23,Good,PM2.5,Daytona Beach,FL,29.2072,-81.0378
32174,2024-09-04,11,Good,PM10,Daytona Beach,FL,29.2072,-81.0378
32176,2024-09-04,23,Good,PM2.5,Daytona Beach,FL,29.2072,-81.0378
32176,2024-09-04,11,Good,PM10,Daytona Beach,FL,29.2072,-81.0378
32177,2024-09-04,53,Moderate,PM10,Putnam County,FL,29.6127,-81.9238
32179,2024-09-04,39,Good,PM2.5,Ocala,FL,29.1871,-82.1404
32180,2024-09-04,23,Good,PM2.5,Daytona Beach,FL,29.2072,-81.0378
32180,2024-09-04,11,Good,PM10,Daytona Beach,FL,29.2072,-81.0378
32181,2024-09-04,53,Moderate,PM10,Putnam County,FL,29.6127,-81.9238
32187,2024-09-04,53,Moderate,PM10,Putnam County,FL,29.6127,-81.9238
32189,2024-09-04,53,Moderate,PM10,Putnam County,FL,29.6127,-81.9238
32193,2024-09-04,53,Moderate,PM10,Putnam County,FL,29.6127,-81.9238
32195,2024-09-04,24,Good,PM2.5,Lake County,FL,28.703,-81.779
32202,2024-09-04,24,Good,PM2.5,Jacksonville,FL,30.335,-81.658
32202,2024-09-04,11,Good,PM10,Jacksonville,FL,30.335,-81.658
32204,2024-09-04,24,Good,PM2.5,Jacksonville,FL,30.335,-81.658
32204,2024-09-04,11,Good,PM10,Jacksonville,FL,30.335,-81.658
32205,2024-09-04,24,Good,PM2.5,Jacksonville,FL,30.335,-81.658
32205,2024-09-04,11,Good,PM10,Jacksonville,FL,30.335,-81.658
32206,2024-09-04,24,Good,PM2.5,Jacksonville,FL,30.335,-81.658
32206,2024-09-04,11,Good,PM10,Jacksonville,FL,30.335,-81.658
32207,2024-09-04,24,Good,PM2.5,Jacksonville,FL,30.335,-81.658
32207,2024-09-04,11,Good,PM10,Jacksonville,FL,30.335,-81.658
32208,2024-09-04,24,Good,PM2.5,Jacksonville,FL,30.335,-81.658
32208,2024-09-04,11,Good,PM10,Jacksonville,FL,30.335,-81.658
32209,2024-09-04,24,Good,PM2.5,Jacksonville,FL,30.335,-81.658
32209,2024-09-04,11,Good,PM10,Jacksonville,FL,30.335,-81.658
32210,2024-09-04,24,Good,PM2.5,Jacksonville,FL,30.335,-81.658
32210,2024-09-04,11,Good,PM10,Jacksonville,FL,30.335,-81.658
32211,2024-09-04,24,Good,PM2.5,Jacksonville,FL,30.335,-81.658
32211,2024-09-04,11,Good,PM10,Jacksonville,FL,30.335,-81.658
32212,2024-09-04,24,Good,PM2.5,Jacksonville,FL,30.335,-81.658
32212,2024-09-04,11,Good,PM10,Jacksonville,FL,30.335,-81.658
32216,2024-09-04,24,Good,PM2.5,Jacksonville,FL,30.335,-81.658
32216,2024-09-04,11,Good,PM10,Jacksonville,FL,30.335,-81.658
32217,2024-09-04,24,Good,PM2.5,Jacksonville,FL,30.335,-81.658
32217,2024-09-04,11,Good,PM10,Jacksonville,FL,30.335,-81.658
32218,2024-09-04,24,Good,PM2.5,Jacksonville,FL,30.335,-81.658
32218,2024-09-04,11,Good,PM10,Jacksonville,FL,30.335,-81.658
32219,2024-09-04,24,Good,PM2.5,Jacksonville,FL,30.335,-81.658
32219,2024-09-04,11,Good,PM10,Jacksonville,FL,30.335,-81.658
32220,2024-09-04,24,Good,PM2.5,Jacksonville,FL,30.335,-81.658
32220,2024-09-04,11,Good,PM10,Jacksonville,FL,30.335,-81.658
32221,2024-09-04,24,Good,PM2.5,Jacksonville,FL,30.335,-81.658
32221,2024-09-04,11,Good,PM10,Jacksonville,FL,30.335,-81.658
32222,2024-09-04,24,Good,PM2.5,Jacksonville,FL,30.335,-81.658
32222,2024-09-04,11,Good,PM10,Jacksonville,FL,30.335,-81.658
32223,2024-09-04,24,Good,PM2.5,Jacksonville,FL,30.335,-81.658
32223,2024-09-04,11,Good,PM10,Jacksonville,FL,30.335,-81.658
32224,2024-09-04,24,Good,PM2.5,Jacksonville,FL,30.335,-81.658
32224,2024-09-04,11,Good,PM10,Jacksonville,FL,30.335,-81.658
32225,2024-09-04,24,Good,PM2.5,Jacksonville,FL,30.335,-81.658
32225,2024-09-04,11,Good,PM10,Jacksonville,FL,30.335,-81.658
32226,2024-09-04,24,Good,PM2.5,Jacksonville,FL,30.335,-81.658
32226,2024-09-04,11,Good,PM10,Jacksonville,FL,30.335,-81.658
32227,2024-09-04,24,Good,PM2.5,Jacksonville,FL,30.335,-81.658
32227,2024-09-04,11,Good,PM10,Jacksonville,FL,30.335,-81.658
32233,2024-09-04,24,Good,PM2.5,Jacksonville,FL,30.335,-81.658
32233,2024-09-04,11,Good,PM10,Jacksonville,FL,30.335,-81.658
32234,2024-09-04,24,Good,PM2.5,Jacksonville,FL,30.335,-81.658
32234,2024-09-04,11,Good,PM10,Jacksonville,FL,30.335,-81.658
32244,2024-09-04,24,Good,PM2.5,Jacksonville,FL,30.335,-81.658
32244,2024-09-04,11,Good,PM10,Jacksonville,FL,30.335,-81.658
32246,2024-09-04,24,Good,PM2.5,Jacksonville,FL,30.335,-81.658
32246,2024-09-04,11,Good,PM10,Jacksonville,FL,30.335,-81.658
32250,2024-09-04,24,Good,PM2.5,Jacksonville,FL,30.335,-81.658
32250,2024-09-04,11,Good,PM10,Jacksonville,FL,30.335,-81.658
32254,2024-09-04,24,Good,PM2.5,Jacksonville,FL,30.335,-81.658
32254,2024-09-04,11,Good,PM10,Jacksonville,FL,30.335,-81.658
32256,2024-09-04,24,Good,PM2.5,Jacksonville,FL,30.335,-81.658
32256,2024-09-04,11,Good,PM10,Jacksonville,FL,30.335,-81.658
32257,2024-09-04,24,Good,PM2.5,Jacksonville,FL,30.335,-81.658
32257,2024-09-04,11,Good,PM10,Jacksonville,FL,30.335,-81.658
32258,2024-09-04,24,Good,PM2.5,Jacksonville,FL,30.335,-81.658
32258,2024-09-04,11,Good,PM10,Jacksonville,FL,30.335,-81.658
32259,2024-09-04,24,Good,PM2.5,Jacksonville,FL,30.335,-81.658
32259,2024-09-04,11,Good,PM10,Jacksonville,FL,30.335,-81.658
32266,2024-09-04,24,Good,PM2.5,Jacksonville,FL,30.335,-81.658
32266,2024-09-04,11,Good,PM10,Jacksonville,FL,30.335,-81.658
32267,2024-09-04,24,Good,PM2.5,Jacksonville,FL,30.335,-81.658
32267,2024-09-04,11,Good,PM10,Jacksonville,FL,30.335,-81.658
32277,2024-09-04,24,Good,PM2.5,Jacksonville,FL,30.335,-81.658
32277,2024-09-04,11,Good,PM10,Jacksonville,FL,30.335,-81.658
32301,2024-09-04,51,Moderate,PM2.5,Tallahassee,FL,30.4517,-84.2685
32303,2024-09-04,51,Moderate,PM2.5,Tallahassee,FL,30.4517,-84.2685
32304,2024-09-04,51,Moderate,PM2.5,Tallahassee,FL,30.4517,-84.2685
32305,2024-09-04,51,Moderate,PM2.5,Tallahassee,FL,30.4517,-84.2685
32308,2024-09-04,51,Moderate,PM2.5,Tallahassee,FL,30.4517,-84.2685
32309,2024-09-04,51,Moderate,PM2.5,Tallahassee,FL,30.4517,-84.2685
32310,2024-09-04,51,Moderate,PM2.5,Tallahassee,FL,30.4517,-84.2685
32311,2024-09-04,51,Moderate,PM2.5,Tallahassee,FL,30.4517,-84.2685
32312,2024-09-04,51,Moderate,PM2.5,Tallahassee,FL,30.4517,-84.2685
32317,2024-09-04,51,Moderate,PM2.5,Tallahassee,FL,30.4517,-84.2685
32327,2024-09-04,51,Moderate,PM2.5,Tallahassee,FL,30.4517,-84.2685
32333,2024-09-04,51,Moderate,PM2.5,Tallahassee,FL,30.4517,-84.2685
32336,2024-09-04,51,Moderate,PM2.5,Tallahassee,FL,30.4517,-84.2685
32343,2024-09-04,51,Moderate,PM2.5,Tallahassee,FL,30.4517,-84.2685
32344,2024-09-04,51,Moderate,PM2.5,Tallahassee,FL,30.4517,-84.2685
32351,2024-09-04,51,Moderate,PM2.5,Tallahassee,FL,30.4517,-84.2685
32401,2024-09-04,56,Moderate,PM2.5,Bay and Gulf Counties,FL,30.104,-85.467
32403,2024-09-04,56,Moderate,PM2.5,Bay and Gulf Counties,FL,30.104,-85.467
32404,2024-09-04,56,Moderate,PM2.5,Bay and Gulf Counties,FL,30.104,-85.467
32405,2024-09-04,56,Moderate,PM2.5,Bay and Gulf Counties,FL,30.104,-85.467
32407,2024-09-04,56,Moderate,PM2.5,Bay and Gulf Counties,FL,30.104,-85.467
32408,2024-09-04,56,Moderate,PM2.5,Bay and Gulf Counties,FL,30.104,-85.467
32409,2024-09-04,56,Moderate,PM2.5,Bay and Gulf Counties,FL,30.104,-85.467
32420,2024-09-04,55,Moderate,PM2.5,"Holmes, Jackson, and Washington Counties",FL,30.732,-85.571
32425,2024-09-04,55,Moderate,PM2.5,"Holmes, Jackson, and Washington Counties",FL,30.732,-85.571
32426,2024-09-04,55,Moderate,PM2.5,"Holmes, Jackson, and Washington Counties",FL,30.732,-85.571
32427,2024-09-04,55,Moderate,PM2.5,"Holmes, Jackson, and Washington Counties",FL,30.732,-85.571
32428,2024-09-04,55,Moderate,PM2.5,"Holmes, Jackson, and Washington Counties",FL,30.732,-85.571
32431,2024-09-04,55,Moderate,PM2.5,"Holmes, Jackson, and Washington Counties",FL,30.732,-85.571
32438,2024-09-04,55,Moderate,PM2.5,"Holmes, Jackson, and Washington Counties",FL,30.732,-85.571
32440,2024-09-04,55,Moderate,PM2.5,"Holmes, Jackson, and Washington Counties",FL,30.732,-85.571
32444,2024-09-04,56,Moderate,PM2.5,Bay and Gulf Counties,FL,30.104,-85.467
32446,2024-09-04,55,Moderate,PM2.5,"Holmes, Jackson, and Washington Counties",FL,30.732,-85.571
32448,2024-09-04,55,Moderate,PM2.5,"Holmes, Jackson, and Washington Counties",FL,30.732,-85.571
32449,2024-09-04,56,Moderate,PM2.5,Bay and Gulf Counties,FL,30.104,-85.467
32455,2024-09-04,55,Moderate,PM2.5,"Holmes, Jackson, and Washington Counties",FL,30.732,-85.571
32456,2024-09-04,56,Moderate,PM2.5,Bay and Gulf Counties,FL,30.104,-85.467
32462,2024-09-04,55,Moderate,PM2.5,"Holmes, Jackson, and Washington Counties",FL,30.732,-85.571
32464,2024-09-04,55,Moderate,PM2.5,"Holmes, Jackson, and Washington Counties",FL,30.732,-85.571
32465,2024-09-04,56,Moderate,PM2.5,Bay and Gulf Counties,FL,30.104,-85.467
32466,2024-09-04,56,Moderate,PM2.5,Bay and Gulf Counties,FL,30.104,-85.467
32501,2024-09-04,45,Good,PM2.5,Pensacola,FL,30.59,-87.33
32501,2024-09-04,16,Good,PM10,Pensacola,FL,30.59,-87.33
32502,2024-09-04,45,Good,PM2.5,Pensacola,FL,30.59,-87.33
32502,2024-09-04,16,Good,PM10,Pensacola,FL,30.59,-87.33
32503,2024-09-04,45,Good,PM2.5,Pensacola,FL,30.59,-87.33
32503,2024-09-04,16,Good,PM10,Pensacola,FL,30.59,-87.33
32504,2024-09-04,45,Good,PM2.5,Pensacola,FL,30.59,-87.33
32504,2024-09-04,16,Good,PM10,Pensacola,FL,30.59,-87.33
32505,2024-09-04,45,Good,PM2.5,Pensacola,FL,30.59,-87.33
32505,2024-09-04,16,Good,PM10,Pensacola,FL,30.59,-87.33
32506,2024-09-04,45,Good,PM2.5,Pensacola,FL,30.59,-87.33
32506,2024-09-04,16,Good,PM10,Pensacola,FL,30.59,-87.33
32507,2024-09-04,45,Good,PM2.5,Pensacola,FL,30.59,-87.33
32507,2024-09-04,16,Good,PM10,Pensacola,FL,30.59,-87.33
32508,2024-09-04,45,Good,PM2.5,Pensacola,FL,30.59,-87.33
32508,2024-09-04,16,Good,PM10,Pensacola,FL,30.59,-87.33
32514,2024-09-04,52,Moderate,PM2.5,Pensacola,FL,30.59,-87.33
32514,2024-09-04,19,Good,PM10,Pensacola,FL,30.59,-87.33
32526,2024-09-04,52,Moderate,PM2.5,Pensacola,FL,30.59,-87.33
32526,2024-09-04,19,Good,PM10,Pensacola,FL,30.59,-87.33
32533,2024-09-04,52,Moderate,PM2.5,Pensacola,FL,30.59,-87.33
32533,2024-09-04,19,Good,PM10,Pensacola,FL,30.59,-87.33
32534,2024-09-04,52,Moderate,PM2.5,Pensacola,FL,30.59,-87.33
32534,2024-09-04,19,Good,PM10,Pensacola,FL,30.59,-87.33
32561,2024-09-04,52,Moderate,PM2.5,Pensacola,FL,30.59,-87.33
32561,2024-09-04,19,Good,PM10,Pensacola,FL,30.59,-87.33
32563,2024-09-04,52,Moderate,PM2.5,Pensacola,FL,30.59,-87.33
32563,2024-09-04,19,Good,PM10,Pensacola,FL,30.59,-87.33
32568,2024-09-04,52,Moderate,PM2.5,Pensacola,FL,30.59,-87.33
32568,2024-09-04,19,Good,PM10,Pensacola,FL,30.59,-87.33
32570,2024-09-04,52,Moderate,PM2.5,Pensacola,FL,30.59,-87.33
32570,2024-09-04,19,Good,PM10,Pensacola,FL,30.59,-87.33
32571,2024-09-04,52,Moderate,PM2.5,Pensacola,FL,30.59,-87.33
32571,2024-09-04,19,Good,PM10,Pensacola,FL,30.59,-87.33
32577,2024-09-04,52,Moderate,PM2.5,Pensacola,FL,30.59,-87.33
32577,2024-09-04,19,Good,PM10,Pensacola,FL,30.59,-87.33
32583,2024-09-04,52,Moderate,PM2.5,Pensacola,FL,30.59,-87.33
32583,2024-09-04,19,Good,PM10,Pensacola,FL,30.59,-87.33
32601,2024-09-04,22,Good,PM2.5,Gainesville,FL,29.6519,-82.325
32603,2024-09-04,22,Good,PM2.5,Gainesville,FL,29.6519,-82.325
32605,2024-09-04,22,Good,PM2.5,Gainesville,FL,29.6519,-82.325
32606,2024-09-04,22,Good,PM2.5,Gainesville,FL,29.6519,-82.325
32607,2024-09-04,22,Good,PM2.5,Gainesville,FL,29.6519,-82.325
32608,2024-09-04,22,Good,PM2.5,Gainesville,FL,29.6519,-82.325
32609,2024-09-04,22,Good,PM2.5,Gainesville,FL,29.6519,-82.325
32615,2024-09-04,22,Good,PM2.5,Gainesville,FL,29.6519,-82.325
32617,2024-09-04,27,Good,PM2.5,Ocala,FL,29.1871,-82.1404
32618,2024-09-04,22,Good,PM2.5,Gainesville,FL,29.6519,-82.325
32619,2024-09-04,25,Good,PM2.5,Columbia and Suwannee Counties,FL,30.174,-82.793
32621,2024-09-04,22,Good,PM2.5,Gainesville,FL,29.6519,-82.325
32622,2024-09-04,22,Good,PM2.5,Gainesville,FL,29.6519,-82.325
32631,2024-09-04,58,Moderate,PM10,Putnam County,FL,29.6127,-81.9238
32640,2024-09-04,58,Moderate,PM10,Putnam County,FL,29.6127,-81.9238
32641,2024-09-04,22,Good,PM2.5,Gainesville,FL,29.6519,-82.325
32643,2024-09-04,25,Good,PM2.5,Columbia and Suwannee Counties,FL,30.174,-82.793
32653,2024-09-04,22,Good,PM2.5,Gainesville,FL,29.6519,-82.325
32656,2024-09-04,58,Moderate,PM10,Putnam County,FL,29.6127,-81.9238
32666,2024-09-04,58,Moderate,PM10,Putnam County,FL,29.6127,-81.9238
32667,2024-09-04,22,Good,PM2.5,Gainesville,FL,29.6519,-82.325
32668,2024-09-04,27,Good,PM2.5,Ocala,FL,29.1871,-82.1404
32669,2024-09-04,22,Good,PM2.5,Gainesville,FL,29.6519,-82.325
32686,2024-09-04,27,Good,PM2.5,Ocala,FL,29.1871,-82.1404
32694,2024-09-04,22,Good,PM2.5,Gainesville,FL,29.6519,-82.325
32696,2024-09-04,22,Good,PM2.5,Gainesville,FL,29.6519,-82.325
32701,2024-09-04,23,Good,PM2.5,Orlando,FL,28.505,-81.374
32702,2024-09-04,23,Good,PM2.5,Lake County,FL,28.703,-81.779
32703,2024-09-04,23,Good,PM2.5,Orlando,FL,28.505,-81.374
32707,2024-09-04,23,Good,PM2.5,Orlando,FL,28.505,-81.374
32709,2024-09-04,23,Good,PM2.5,Orlando,FL,28.505,-81.374
32714,2024-09-04,23,Good,PM2.5,Orlando,FL,28.505,-81.374
32726,2024-09-04,23,Good,PM2.5,Lake County,FL,28.703,-81.779
32730,2024-09-04,23,Good,PM2.5,Orlando,FL,28.505,-81.374
32735,2024-09-04,23,Good,PM2.5,Lake County,FL,28.703,-81.779
32736,2024-09-04,23,Good,PM2.5,Lake County,FL,28.703,-81.779
32751,2024-09-04,23,Good,PM2.5,Orlando,FL,28.505,-81.374
32757,2024-09-04,23,Good,PM2.5,Lake County,FL,28.703,-81.779
32765,2024-09-04,23,Good,PM2.5,Orlando,FL,28.505,-81.374
32776,2024-09-04,23,Good,PM2.5,Lake County,FL,28.703,-81.779
32778,2024-09-04,23,Good,PM2.5,Lake County,FL,28.703,-81.779
32784,2024-09-04,23,Good,PM2.5,Lake County,FL,28.703,-81.779
32789,2024-09-04,23,Good,PM2.5,Orlando,FL,28.505,-81.374
32792,2024-09-04,23,Good,PM2.5,Orlando,FL,28.505,-81.374
32798,2024-09-04,23,Good,PM2.5,Lake County,FL,28.703,-81.779
32801,2024-09-04,23,Good,PM2.5,Orlando,FL,28.505,-81.374
32803,2024-09-04,23,Good,PM2.5,Orlando,FL,28.505,-81.374
32804,2024-09-04,23,Good,PM2.5,Orlando,FL,28.505,-81.374
32805,2024-09-04,23,Good,PM2.5,Orlando,FL,28.505,-81.374
32806,2024-09-04,23,Good,PM2.5,Orlando,FL,28.505,-81.374
32807,2024-09-04,23,Good,PM2.5,Orlando,FL,28.505,-81.374
32808,2024-09-04,23,Good,PM2.5,Orlando,FL,28.505,-81.374
32809,2024-09-04,23,Good,PM2.5,Orlando,FL,28.505,-81.374
32810,2024-09-04,23,Good,PM2.5,Orlando,FL,28.505,-81.374
32811,2024-09-04,23,Good,PM2.5,Orlando,FL,28.505,-81.374
32812,2024-09-04,23,Good,PM2.5,Orlando,FL,28.505,-81.374
32814,2024-09-04,23,Good,PM2.5,Orlando,FL,28.505,-81.374
32817,2024-09-04,23,Good,PM2.5,Orlando,FL,28.505,-81.374
32818,2024-09-04,23,Good,PM2.5,Orlando,FL,28.505,-81.374
32819,2024-09-04,23,Good,PM2.5,Orlando,FL,28.505,-81.374
32820,2024-09-04,23,Good,PM2.5,Orlando,FL,28.505,-81.374
32821,2024-09-04,23,Good,PM2.5,Orlando,FL,28.505,-81.374
32822,2024-09-04,23,Good,PM2.5,Orlando,FL,28.505,-81.374
32824,2024-09-04,23,Good,PM2.5,Orlando,FL,28.505,-81.374
32825,2024-09-04,23,Good,PM2.5,Orlando,FL,28.505,-81.374
32826,2024-09-04,23,Good,PM2.5,Orlando,FL,28.505,-81.374
32827,2024-09-04,23,Good,PM2.5,Orlando,FL,28.505,-81.374
32828,2024-09-04,23,Good,PM2.5,Orlando,FL,28.505,-81.374
32829,2024-09-04,23,Good,PM2.5,Orlando,FL,28.505,-81.374
32831,2024-09-04,23,Good,PM2.5,Orlando,FL,28.505,-81.374
32832,2024-09-04,23,Good,PM2.5,Orlando,FL,28.505,-81.374
32833,2024-09-04,23,Good,PM2.5,Orlando,FL,28.505,-81.374
32834,2024-09-04,23,Good,PM2.5,Osceola County,FL,28.102,-81.0755
32835,2024-09-04,23,Good,PM2.5,Orlando,FL,28.505,-81.374
32836,2024-09-04,23,Good,PM2.5,Orlando,FL,28.505,-81.374
32837,2024-09-04,23,Good,PM2.5,Orlando,FL,28.505,-81.374
32839,2024-09-04,23,Good,PM2.5,Orlando,FL,28.505,-81.374
32901,2024-09-04,20,Good,PM2.5,Melbourne,FL,28.115,-80.6319
32901,2024-09-04,9,Good,PM10,Melbourne,FL,28.115,-80.6319
32903,2024-09-04,20,Good,PM2.5,Melbourne,FL,28.115,-80.6319
32903,2024-09-04,9,Good,PM10,Melbourne,FL,28.115,-80.6319
32904,2024-09-04,20,Good,PM2.5,Melbourne,FL,28.115,-80.6319
32904,2024-09-04,9,Good,PM10,Melbourne,FL,28.115,-80.6319
32905,2024-09-04,20,Good,PM2.5,Melbourne,FL,28.115,-80.6319
32905,2024-09-04,9,Good,PM10,Melbourne,FL,28.115,-80.6319
32907,2024-09-04,20,Good,PM2.5,Melbourne,FL,28.115,-80.6319
32907,2024-09-04,9,Good,PM10,Melbourne,FL,28.115,-80.6319
32908,2024-09-04,20,Good,PM2.5,Melbourne,FL,28.115,-80.6319
32908,2024-09-04,9,Good,PM10,Melbourne,FL,28.115,-80.6319
32909,2024-09-04,20,Good,PM2.5,Melbourne,FL,28.115,-80.6319
32909,2024-09-04,9,Good,PM10,Melbourne,FL,28.115,-80.6319
32920,2024-09-04,20,Good,PM2.5,Melbourne,FL,28.115,-80.6319
32920,2024-09-04,9,Good,PM10,Melbourne,FL,28.115,-80.6319
32922,2024-09-04,20,Good,PM2.5,Melbourne,FL,28.115,-80.6319
32922,2024-09-04,9,Good,PM10,Melbourne,FL,28.115,-80.6319
32926,2024-09-04,20,Good,PM2.5,Melbourne,FL,28.115,-80.6319
32926,2024-09-04,9,Good,PM10,Melbourne,FL,28.115,-80.6319
32931,2024-09-04,20,Good,PM2.5,Melbourne,FL,28.115,-80.6319
32931,2024-09-04,9,Good,PM10,Melbourne,FL,28.115,-80.6319
32934,2024-09-04,20,Good,PM2.5,Melbourne,FL,28.115,-80.6319
32934,2024-09-04,9,Good,PM10,Melbourne,FL,28.115,-80.6319
32935,2024-09-04,20,Good,PM2.5,Melbourne,FL,28.115,-80.6319
32935,2024-09-04,9,Good,PM10,Melbourne,FL,28.115,-80.6319
32937,2024-09-04,20,Good,PM2.5,Melbourne,FL,28.115,-80.6319
32937,2024-09-04,9,Good,PM10,Melbourne,FL,28.115,-80.6319
32940,2024-09-04,20,Good,PM2.5,Melbourne,FL,28.115,-80.6319
32940,2024-09-04,9,Good,PM10,Melbourne,FL,28.115,-80.6319
32948,2024-09-04,20,Good,PM2.5,Melbourne,FL,28.115,-80.6319
32948,2024-09-04,9,Good,PM10,Melbourne,FL,28.115,-80.6319
32949,2024-09-04,20,Good,PM2.5,Melbourne,FL,28.115,-80.6319
32949,2024-09-04,9,Good,PM10,Melbourne,FL,28.115,-80.6319
32950,2024-09-04,20,Good,PM2.5,Melbourne,FL,28.115,-80.6319
32950,2024-09-04,9,Good,PM10,Melbourne,FL,28.115,-80.6319
32951,2024-09-04,20,Good,PM2.5,Melbourne,FL,28.115,-80.6319
32951,2024-09-04,9,Good,PM10,Melbourne,FL,28.115,-80.6319
32952,2024-09-04,20,Good,PM2.5,Melbourne,FL,28.115,-80.6319
32952,2024-09-04,9,Good,PM10,Melbourne,FL,28.115,-80.6319
32953,2024-09-04,20,Good,PM2.5,Melbourne,FL,28.115,-80.6319
32953,2024-09-04,9,Good,PM10,Melbourne,FL,28.115,-80.6319
32955,2024-09-04,20,Good,PM2.5,Melbourne,FL,28.115,-80.6319
32955,2024-09-04,9,Good,PM10,Melbourne,FL,28.115,-80.6319
32958,2024-09-04,20,Good,PM2.5,Melbourne,FL,28.115,-80.6319
32958,2024-09-04,9,Good,PM10,Melbourne,FL,28.115,-80.6319
32960,2024-09-04,34,Good,PM2.5,Fort Pierce,FL,27.4389,-80.3356
32960,2024-09-04,16,Good,PM10,Fort Pierce,FL,27.4389,-80.3356
32962,2024-09-04,34,Good,PM2.5,Fort Pierce,FL,27.4389,-80.3356
32962,2024-09-04,16,Good,PM10,Fort Pierce,FL,27.4389,-80.3356
32963,2024-09-04,34,Good,PM2.5,Fort Pierce,FL,27.4389,-80.3356
32963,2024-09-04,16,Good,PM10,Fort Pierce,FL,27.4389,-80.3356
32966,2024-09-04,34,Good,PM2.5,Fort Pierce,FL,27.4389,-80.3356
32966,2024-09-04,16,Good,PM10,Fort Pierce,FL,27.4389,-80.3356
32967,2024-09-04,34,Good,PM2.5,Fort Pierce,FL,27.4389,-80.3356
32967,2024-09-04,16,Good,PM10,Fort Pierce,FL,27.4389,-80.3356
32968,2024-09-04,34,Good,PM2.5,Fort Pierce,FL,27.4389,-80.3356
32968,2024-09-04,16,Good,PM10,Fort Pierce,FL,27.4389,-80.3356
32976,2024-09-04,20,Good,PM2.5,Melbourne,FL,28.115,-80.6319
32976,2024-09-04,9,Good,PM10,Melbourne,FL,28.115,-80.6319
33004,2024-09-04,57,Moderate,PM2.5,Broward County,FL,26.0102,-80.1951
33004,2024-09-04,31,Good,PM10,Broward County,FL,26.0102,-80.1951
33009,2024-09-04,57,Moderate,PM2.5,Broward County,FL,26.0102,-80.1951
33009,2024-09-04,31,Good,PM10,Broward County,FL,26.0102,-80.1951
33010,2024-09-04,60,Moderate,PM2.5,Miami,FL,25.776,-80.211
33010,2024-09-04,47,Good,PM10,Miami,FL,25.776,-80.211
33012,2024-09-04,53,Moderate,PM2.5,City of North Miami,FL,25.895,-80.1858
33012,2024-09-04,28,Good,PM10,City of North Miami,FL,25.895,-80.1858
33013,2024-09-04,53,Moderate,PM2.5,City of North Miami,FL,25.895,-80.1858
33013,2024-09-04,28,Good,PM10,City of North Miami,FL,25.895,-80.1858
33014,2024-09-04,53,Moderate,PM2.5,City of North Miami,FL,25.895,-80.1858
33014,2024-09-04,28,Good,PM10,City of North Miami,FL,25.895,-80.1858
33015,2024-09-04,53,Moderate,PM2.5,City of North Miami,FL,25.895,-80.1858
33015,2024-09-04,28,Good,PM10,City of North Miami,FL,25.895,-80.1858
33016,2024-09-04,53,Moderate,PM2.5,City of North Miami,FL,25.895,-80.1858
33016,2024-09-04,28,Good,PM10,City of North Miami,FL,25.895,-80.1858
33018,2024-09-04,53,Moderate,PM2.5,City of North Miami,FL,25.895,-80.1858
33018,2024-09-04,28,Good,PM10,City of North Miami,FL,25.895,-80.1858
33019,2024-09-04,57,Moderate,PM2.5,Broward County,FL,26.0102,-80.1951
33019,2024-09-04,31,Good,PM10,Broward County,FL,26.0102,-80.1951
33020,2024-09-04,57,Moderate,PM2.5,Broward County,FL,26.0102,-80.1951
33020,2024-09-04,31,Good,PM10,Broward County,FL,26.0102,-80.1951
33021,2024-09-04,57,Moderate,PM2.5,Broward County,FL,26.0102,-80.1951
33021,2024-09-04,31,Good,PM10,Broward County,FL,26.0102,-80.1951
33023,2024-09-04,57,Moderate,PM2.5,Broward County,FL,26.0102,-80.1951
33023,2024-09-04,31,Good,PM10,Broward County,FL,26.0102,-80.1951
33024,2024-09-04,57,Moderate,PM2.5,Broward County,FL,26.0102,-80.1951
33024,2024-09-04,31,Good,PM10,Broward County,FL,26.0102,-80.1951
33025,2024-09-04,57,Moderate,PM2.5,Broward County,FL,26.0102,-80.1951
33025,2024-09-04,31,Good,PM10,Broward County,FL,26.0102,-80.1951
33026,2024-09-04,57,Moderate,PM2.5,Broward County,FL,26.0102,-80.1951
33026,2024-09-04,31,Good,PM10,Broward County,FL,26.0102,-80.1951
33027,2024-09-04,57,Moderate,PM2.5,Broward County,FL,26.0102,-80.1951
33027,2024-09-04,31,Good,PM10,Broward County,FL,26.0102,-80.1951
33028,2024-09-04,57,Moderate,PM2.5,Broward County,FL,26.0102,-80.1951
33028,2024-09-04,31,Good,PM10,Broward County,FL,26.0102,-80.1951
33029,2024-09-04,57,Moderate,PM2.5,Broward County,FL,26.0102,-80.1951
33029,2024-09-04,31,Good,PM10,Broward County,FL,26.0102,-80.1951
33031,2024-09-04,60,Moderate,PM2.5,Miami,FL,25.776,-80.211
33031,2024-09-04,47,Good,PM10,Miami,FL,25.776,-80.211
33032,2024-09-04,60,Moderate,PM2.5,Miami,FL,25.776,-80.211
33032,2024-09-04,47,Good,PM10,Miami,FL,25.776,-80.211
33033,2024-09-04,60,Moderate,PM2.5,Miami,FL,25.776,-80.211
33033,2024-09-04,47,Good,PM10,Miami,FL,25.776,-80.211
33054,2024-09-04,53,Moderate,PM2.5,City of North Miami,FL,25.895,-80.1858
33054,2024-09-04,28,Good,PM10,City of North Miami,FL,25.895,-80.1858
33055,2024-09-04,57,Moderate,PM2.5,Broward County,FL,26.0102,-80.1951
33055,2024-09-04,31,Good,PM10,Broward County,FL,26.0102,-80.1951
33056,2024-09-04,53,Moderate,PM2.5,City of North Miami,FL,25.895,-80.1858
33056,2024-09-04,28,Good,PM10,City of North Miami,FL,25.895,-80.1858
33060,2024-09-04,57,Moderate,PM2.5,Broward County,FL,26.0102,-80.1951
33060,2024-09-04,31,Good,PM10,Broward County,FL,26.0102,-80.1951
33062,2024-09-04,57,Moderate,PM2.5,Broward County,FL,26.0102,-80.1951
33062,2024-09-04,31,Good,PM10,Broward County,FL,26.0102,-80.1951
33063,2024-09-04,57,Moderate,PM2.5,Broward County,FL,26.0102,-80.1951
33063,2024-09-04,31,Good,PM10,Broward County,FL,26.0102,-80.1951
33064,2024-09-04,57,Moderate,PM2.5,Broward County,FL,26.0102,-80.1951
33064,2024-09-04,31,Good,PM10,Broward County,FL,26.0102,-80.1951
33065,2024-09-04,57,Moderate,PM2.5,Broward County,FL,26.0102,-80.1951
33065,2024-09-04,31,Good,PM10,Broward County,FL,26.0102,-80.1951
33066,2024-09-04,57,Moderate,PM2.5,Broward County,FL,26.0102,-80.1951
33066,2024-09-04,31,Good,PM10,Broward County,FL,26.0102,-80.1951
33067,2024-09-04,57,Moderate,PM2.5,Broward County,FL,26.0102,-80.1951
33067,2024-09-04,31,Good,PM10,Broward County,FL,26.0102,-80.1951
33068,2024-09-04,57,Moderate,PM2.5,Broward County,FL,26.0102,-80.1951
33068,2024-09-04,31,Good,PM10,Broward County,FL,26.0102,-80.1951
33069,2024-09-04,57,Moderate,PM2.5,Broward County,FL,26.0102,-80.1951
33069,2024-09-04,31,Good,PM10,Broward County,FL,26.0102,-80.1951
33071,2024-09-04,57,Moderate,PM2.5,Broward County,FL,26.0102,-80.1951
33071,2024-09-04,31,Good,PM10,Broward County,FL,26.0102,-80.1951
33073,2024-09-04,57,Moderate,PM2.5,Broward County,FL,26.0102,-80.1951
33073,2024-09-04,31,Good,PM10,Broward County,FL,26.0102,-80.1951
33076,2024-09-04,57,Moderate,PM2.5,Broward County,FL,26.0102,-80.1951
33076,2024-09-04,31,Good,PM10,Broward County,FL,26.0102,-80.1951
33109,2024-09-04,60,Moderate,PM2.5,Miami,FL,25.776,-80.211
33109,2024-09-04,47,Good,PM10,Miami,FL,25.776,-80.211
33122,2024-09-04,60,Moderate,PM2.5,Miami,FL,25.776,-80.211
33122,2024-09-04,47,Good,PM10,Miami,FL,25.776,-80.211
33125,2024-09-04,60,Moderate,PM2.5,Miami,FL,25.776,-80.211
33125,2024-09-04,47,Good,PM10,Miami,FL,25.776,-80.211
33126,2024-09-04,60,Moderate,PM2.5,Miami,FL,25.776,-80.211
33126,2024-09-04,47,Good,PM10,Miami,FL,25.776,-80.211
33127,2024-09-04,60,Moderate,PM2.5,Miami,FL,25.776,-80.211
33127,2024-09-04,47,Good,PM10,Miami,FL,25.776,-80.211
33128,2024-09-04,60,Moderate,PM2.5,Miami,FL,25.776,-80.211
33128,2024-09-04,47,Good,PM10,Miami,FL,25.776,-80.211
33129,2024-09-04,60,Moderate,PM2.5,Miami,FL,25.776,-80.211
33129,2024-09-04,47,Good,PM10,Miami,FL,25.776,-80.211
33130,2024-09-04,60,Moderate,PM2.5,Miami,FL,25.776,-80.211
33130,2024-09-04,47,Good,PM10,Miami,FL,25.776,-80.211
33131,2024-09-04,60,Moderate,PM2.5,Miami,FL,25.776,-80.211
33131,2024-09-04,47,Good,PM10,Miami,FL,25.776,-80.211
33132,2024-09-04,60,Moderate,PM2.5,Miami,FL,25.776,-80.211
33132,2024-09-04,47,Good,PM10,Miami,FL,25.776,-80.211
33133,2024-09-04,60,Moderate,PM2.5,Miami,FL,25.776,-80.211
33133,2024-09-04,47,Good,PM10,Miami,FL,25.776,-80.211
33134,2024-09-04,60,Moderate,PM2.5,Miami,FL,25.776,-80.211
33134,2024-09-04,47,Good,PM10,Miami,FL,25.776,-80.211
33135,2024-09-04,60,Moderate,PM2.5,Miami,FL,25.776,-80.211
33135,2024-09-04,47,Good,PM10,Miami,FL,25.776,-80.211
33136,2024-09-04,60,Moderate,PM2.5,Miami,FL,25.776,-80.211
33136,2024-09-04,47,Good,PM10,Miami,FL,25.776,-80.211
33137,2024-09-04,60,Moderate,PM2.5,Miami,FL,25.776,-80.211
33137,2024-09-04,47,Good,PM10,Miami,FL,25.776,-80.211
33138,2024-09-04,53,Moderate,PM2.5,City of North Miami,FL,25.895,-80.1858
33138,2024-09-04,28,Good,PM10,City of North Miami,FL,25.895,-80.1858
33139,2024-09-04,60,Moderate,PM2.5,Miami,FL,25.776,-80.211
33139,2024-09-04,47,Good,PM10,Miami,FL,25.776,-80.211
33140,2024-09-04,60,Moderate,PM2.5,Miami,FL,25.776,-80.211
33140,2024-09-04,47,Good,PM10,Miami,FL,25.776,-80.211
33141,2024-09-04,53,Moderate,PM2.5,City of North Miami,FL,25.895,-80.1858
33141,2024-09-04,28,Good,PM10,City of North Miami,FL,25.895,-80.1858
33142,2024-09-04,60,Moderate,PM2.5,Miami,FL,25.776,-80.211
33142,2024-09-04,47,Good,PM10,Miami,FL,25.776,-80.211
33143,2024-09-04,60,Moderate,PM2.5,Miami,FL,25.776,-80.211
33143,2024-09-04,47,Good,PM10,Miami,FL,25.776,-80.211
33144,2024-09-04,60,Moderate,PM2.5,Miami,FL,25.776,-80.211
33144,2024-09-04,47,Good,PM10,Miami,FL,25.776,-80.211
33145,2024-09-04,60,Moderate,PM2.5,Miami,FL,25.776,-80.211
33145,2024-09-04,47,Good,PM10,Miami,FL,25.776,-80.211
33146,2024-09-04,60,Moderate,PM2.5,Miami,FL,25.776,-80.211
33146,2024-09-04,47,Good,PM10,Miami,FL,25.776,-80.211
33147,2024-09-04,60,Moderate,PM2.5,Miami,FL,25.776,-80.211
33147,2024-09-04,47,Good,PM10,Miami,FL,25.776,-80.211
33149,2024-09-04,60,Moderate,PM2.5,Miami,FL,25.776,-80.211
33149,2024-09-04,47,Good,PM10,Miami,FL,25.776,-80.211
33150,2024-09-04,53,Moderate,PM2.5,City of North Miami,FL,25.895,-80.1858
33150,2024-09-04,28,Good,PM10,City of North Miami,FL,25.895,-80.1858
33154,2024-09-04,53,Moderate,PM2.5,City of North Miami,FL,25.895,-80.1858
33154,2024-09-04,28,Good,PM10,City of North Miami,FL,25.895,-80.1858
33155,2024-09-04,60,Moderate,PM2.5,Miami,FL,25.776,-80.211
33155,2024-09-04,47,Good,PM10,Miami,FL,25.776,-80.211
33156,2024-09-04,60,Moderate,PM2.5,Miami,FL,25.776,-80.211
33156,2024-09-04,47,Good,PM10,Miami,FL,25.776,-80.211
33157,2024-09-04,60,Moderate,PM2.5,Miami,FL,25.776,-80.211
33157,2024-09-04,47,Good,PM10,Miami,FL,25.776,-80.211
33158,2024-09-04,60,Moderate,PM2.5,Miami,FL,25.776,-80.211
33158,2024-09-04,47,Good,PM10,Miami,FL,25.776,-80.211
33160,2024-09-04,53,Moderate,PM2.5,City of North Miami,FL,25.895,-80.1858
33160,2024-09-04,28,Good,PM10,City of North Miami,FL,25.895,-80.1858
33161,2024-09-04,53,Moderate,PM2.5,City of North Miami,FL,25.895,-80.1858
33161,2024-09-04,28,Good,PM10,City of North Miami,FL,25.895,-80.1858
33162,2024-09-04,53,Moderate,PM2.5,City of North Miami,FL,25.895,-80.1858
33162,2024-09-04,28,Good,PM10,City of North Miami,FL,25.895,-80.1858
33165,2024-09-04,60,Moderate,PM2.5,Miami,FL,25.776,-80.211
33165,2024-09-04,47,Good,PM10,Miami,FL,25.776,-80.211
33166,2024-09-04,60,Moderate,PM2.5,Miami,FL,25.776,-80.211
33166,2024-09-04,47,Good,PM10,Miami,FL,25.776,-80.211
33167,2024-09-04,53,Moderate,PM2.5,City of North Miami,FL,25.895,-80.1858
33167,2024-09-04,28,Good,PM10,City of North Miami,FL,25.895,-80.1858
33168,2024-09-04,53,Moderate,PM2.5,City of North Miami,FL,25.895,-80.1858
33168,2024-09-04,28,Good,PM10,City of North Miami,FL,25.895,-80.1858
33169,2024-09-04,53,Moderate,PM2.5,City of North Miami,FL,25.895,-80.1858
33169,2024-09-04,28,Good,PM10,City of North Miami,FL,25.895,-80.1858
33170,2024-09-04,60,Moderate,PM2.5,Miami,FL,25.776,-80.211
33170,2024-09-04,47,Good,PM10,Miami,FL,25.776,-80.211
33172,2024-09-04,60,Moderate,PM2.5,Miami,FL,25.776,-80.211
33172,2024-09-04,47,Good,PM10,Miami,FL,25.776,-80.211
33173,2024-09-04,58,Moderate,PM2.5,Miami,FL,25.776,-80.211
33174,2024-09-04,58,Moderate,PM2.5,Miami,FL,25.776,-80.211
33175,2024-09-04,58,Moderate,PM2.5,Miami,FL,25.776,-80.211
33176,2024-09-04,58,Moderate,PM2.5,Miami,FL,25.776,-80.211
33177,2024-09-04,58,Moderate,PM2.5,Miami,FL,25.776,-80.211
33178,2024-09-04,58,Moderate,PM2.5,Miami,FL,25.776,-80.211
33179,2024-09-04,54,Moderate,PM2.5,City of North Miami,FL,25.895,-80.1858
33179,2024-09-04,29,Good,PM10,City of North Miami,FL,25.895,-80.1858
33180,2024-09-04,58,Moderate,PM2.5,Broward County,FL,26.0102,-80.1951
33180,2024-09-04,36,Good,PM10,Broward County,FL,26.0102,-80.1951
33181,2024-09-04,54,Moderate,PM2.5,City of North Miami,FL,25.895,-80.1858
33181,2024-09-04,29,Good,PM10,City of North Miami,FL,25.895,-80.1858
33182,2024-09-04,58,Moderate,PM2.5,Miami,FL,25.776,-80.211
33183,2024-09-04,58,Moderate,PM2.5,Miami,FL,25.776,-80.211
33184,2024-09-04,58,Moderate,PM2.5,Miami,FL,25.776,-80.211
33185,2024-09-04,58,Moderate,PM2.5,Miami,FL,25.776,-80.211
33186,2024-09-04,58,Moderate,PM2.5,Miami,FL,25.776,-80.211
33187,2024-09-04,58,Moderate,PM2.5,Miami,FL,25.776,-80.211
33189,2024-09-04,58,Moderate,PM2.5,Miami,FL,25.776,-80.211
33190,2024-09-04,58,Moderate,PM2.5,Miami,FL,25.776,-80.211
33193,2024-09-04,58,Moderate,PM2.5,Miami,FL,25.776,-80.211
33194,2024-09-04,58,Moderate,PM2.5,Miami,FL,25.776,-80.211
33195,2024-09-04,58,Moderate,PM2.5,Miami,FL,25.776,-80.211
33196,2024-09-04,58,Moderate,PM2.5,Miami,FL,25.776,-80.211
33198,2024-09-04,58,Moderate,PM2.5,Miami,FL,25.776,-80.211
33301,2024-09-04,58,Moderate,PM2.5,Broward County,FL,26.0102,-80.1951
33301,2024-09-04,36,Good,PM10,Broward County,FL,26.0102,-80.1951
33304,2024-09-04,58,Moderate,PM2.5,Broward County,FL,26.0102,-80.1951
33304,2024-09-04,36,Good,PM10,Broward County,FL,26.0102,-80.1951
33305,2024-09-04,58,Moderate,PM2.5,Broward County,FL,26.0102,-80.1951
33305,2024-09-04,36,Good,PM10,Broward County,FL,26.0102,-80.1951
33306,2024-09-04,58,Moderate,PM2.5,Broward County,FL,26.0102,-80.1951
33306,2024-09-04,36,Good,PM10,Broward County,FL,26.0102,-80.1951
33308,2024-09-04,58,Moderate,PM2.5,Broward County,FL,26.0102,-80.1951
33308,2024-09-04,36,Good,PM10,Broward County,FL,26.0102,-80.1951
33309,2024-09-04,58,Moderate,PM2.5,Broward County,FL,26.0102,-80.1951
33309,2024-09-04,36,Good,PM10,Broward County,FL,26.0102,-80.1951
33311,2024-09-04,58,Moderate,PM2.5,Broward County,FL,26.0102,-80.1951
33311,2024-09-04,36,Good,PM10,Broward County,FL,26.0102,-80.1951
33312,2024-09-04,58,Moderate,PM2.5,Broward County,FL,26.0102,-80.1951
33312,2024-09-04,36,Good,PM10,Broward County,FL,26.0102,-80.1951
33313,2024-09-04,58,Moderate,PM2.5,Broward County,FL,26.0102,-80.1951
33313,2024-09-04,36,Good,PM10,Broward County,FL,26.0102,-80.1951
33314,2024-09-04,58,Moderate,PM2.5,Broward County,FL,26.0102,-80.1951
33314,2024-09-04,36,Good,PM10,Broward County,FL,26.0102,-80.1951
33315,2024-09-04,58,Moderate,PM2.5,Broward County,FL,26.0102,-80.1951
33315,2024-09-04,36,Good,PM10,Broward County,FL,26.0102,-80.1951
33316,2024-09-04,58,Moderate,PM2.5,Broward County,FL,26.0102,-80.1951
33316,2024-09-04,36,Good,PM10,Broward County,FL,26.0102,-80.1951
33317,2024-09-04,58,Moderate,PM2.5,Broward County,FL,26.0102,-80.1951
33317,2024-09-04,36,Good,PM10,Broward County,FL,26.0102,-80.1951
33319,2024-09-04,58,Moderate,PM2.5,Broward County,FL,26.0102,-80.1951
33319,2024-09-04,36,Good,PM10,Broward County,FL,26.0102,-80.1951
33321,2024-09-04,58,Moderate,PM2.5,Broward County,FL,26.0102,-80.1951
33321,2024-09-04,36,Good,PM10,Broward County,FL,26.0102,-80.1951
33322,2024-09-04,58,Moderate,PM2.5,Broward County,FL,26.0102,-80.1951
33322,2024-09-04,36,Good,PM10,Broward County,FL,26.0102,-80.1951
33323,2024-09-04,58,Moderate,PM2.5,Broward County,FL,26.0102,-80.1951
33323,2024-09-04,36,Good,PM10,Broward County,FL,26.0102,-80.1951
33324,2024-09-04,58,Moderate,PM2.5,Broward County,FL,26.0102,-80.1951
33324,2024-09-04,36,Good,PM10,Broward County,FL,26.0102,-80.1951
33325,2024-09-04,58,Moderate,PM2.5,Broward County,FL,26.0102,-80.1951
33325,2024-09-04,36,Good,PM10,Broward County,FL,26.0102,-80.1951
33326,2024-09-04,58,Moderate,PM2.5,Broward County,FL,26.0102,-80.1951
33326,2024-09-04,36,Good,PM10,Broward County,FL,26.0102,-80.1951
33327,2024-09-04,58,Moderate,PM2.5,Broward County,FL,26.0102,-80.1951
33327,2024-09-04,36,Good,PM10,Broward County,FL,26.0102,-80.1951
33328,2024-09-04,58,Moderate,PM2.5,Broward County,FL,26.0102,-80.1951
33328,2024-09-04,36,Good,PM10,Broward County,FL,26.0102,-80.1951
33330,2024-09-04,58,Moderate,PM2.5,Broward County,FL,26.0102,-80.1951
33330,2024-09-04,36,Good,PM10,Broward County,FL,26.0102,-80.1951
33331,2024-09-04,58,Moderate,PM2.5,Broward County,FL,26.0102,-80.1951
33331,2024-09-04,36,Good,PM10,Broward County,FL,26.0102,-80.1951
33332,2024-09-04,58,Moderate,PM2.5,Broward County,FL,26.0102,-80.1951
33332,2024-09-04,36,Good,PM10,Broward County,FL,26.0102,-80.1951
33334,2024-09-04,58,Moderate,PM2.5,Broward County,FL,26.0102,-80.1951
33334,2024-09-04,36,Good,PM10,Broward County,FL,26.0102,-80.1951
33351,2024-09-04,58,Moderate,PM2.5,Broward County,FL,26.0102,-80.1951
33351,2024-09-04,36,Good,PM10,Broward County,FL,26.0102,-80.1951
33388,2024-09-04,58,Moderate,PM2.5,Broward County,FL,26.0102,-80.1951
33388,2024-09-04,36,Good,PM10,Broward County,FL,26.0102,-80.1951
33394,2024-09-04,58,Moderate,PM2.5,Broward County,FL,26.0102,-80.1951
33394,2024-09-04,36,Good,PM10,Broward County,FL,26.0102,-80.1951
33401,2024-09-04,55,Moderate,PM2.5,West Palm Beach,FL,26.715,-80.062
33401,2024-09-04,30,Good,PM10,West Palm Beach,FL,26.715,-80.062
33403,2024-09-04,55,Moderate,PM2.5,West Palm Beach,FL,26.715,-80.062
33403,2024-09-04,30,Good,PM10,West Palm Beach,FL,26.715,-80.062
33404,2024-09-04,55,Moderate,PM2.5,West Palm Beach,FL,26.715,-80.062
33404,2024-09-04,30,Good,PM10,West Palm Beach,FL,26.715,-80.062
33405,2024-09-04,55,Moderate,PM2.5,West Palm Beach,FL,26.715,-80.062
33405,2024-09-04,30,Good,PM10,West Palm Beach,FL,26.715,-80.062
33406,2024-09-04,55,Moderate,PM2.5,West Palm Beach,FL,26.715,-80.062
33406,2024-09-04,30,Good,PM10,West Palm Beach,FL,26.715,-80.062
33407,2024-09-04,55,Moderate,PM2.5,West Palm Beach,FL,26.715,-80.062
33407,2024-09-04,30,Good,PM10,West Palm Beach,FL,26.715,-80.062
33408,2024-09-04,55,Moderate,PM2.5,West Palm Beach,FL,26.715,-80.062
33408,2024-09-04,30,Good,PM10,West Palm Beach,FL,26.715,-80.062
33409,2024-09-04,55,Moderate,PM2.5,West Palm Beach,FL,26.715,-80.062
33409,2024-09-04,30,Good,PM10,West Palm Beach,FL,26.715,-80.062
33410,2024-09-04,55,Moderate,PM2.5,West Palm Beach,FL,26.715,-80.062
33410,2024-09-04,30,Good,PM10,West Palm Beach,FL,26.715,-80.062
33411,2024-09-04,55,Moderate,PM2.5,West Palm Beach,FL,26.715,-80.062
33411,2024-09-04,30,Good,PM10,West Palm Beach,FL,26.715,-80.062
33412,2024-09-04,55,Moderate,PM2.5,West Palm Beach,FL,26.715,-80.062
33412,2024-09-04,30,Good,PM10,West Palm Beach,FL,26.715,-80.062
33413,2024-09-04,55,Moderate,PM2.5,West Palm Beach,FL,26.715,-80.062
33413,2024-09-04,30,Good,PM10,West Palm Beach,FL,26.715,-80.062
33414,2024-09-04,55,Moderate,PM2.5,West Palm Beach,FL,26.715,-80.062
33414,2024-09-04,30,Good,PM10,West Palm Beach,FL,26.715,-80.062
33415,2024-09-04,55,Moderate,PM2.5,West Palm Beach,FL,26.715,-80.062
33415,2024-09-04,30,Good,PM10,West Palm Beach,FL,26.715,-80.062
33417,2024-09-04,55,Moderate,PM2.5,West Palm Beach,FL,26.715,-80.062
33417,2024-09-04,30,Good,PM10,West Palm Beach,FL,26.715,-80.062
33418,2024-09-04,55,Moderate,PM2.5,West Palm Beach,FL,26.715,-80.062
33418,2024-09-04,30,Good,PM10,West Palm Beach,FL,26.715,-80.062
33426,2024-09-04,55,Moderate,PM2.5,West Palm Beach,FL,26.715,-80.062
33426,2024-09-04,30,Good,PM10,West Palm Beach,FL,26.715,-80.062
33428,2024-09-04,58,Moderate,PM2.5,Broward County,FL,26.0102,-80.1951
33428,2024-09-04,36,Good,PM10,Broward County,FL,26.0102,-80.1951
33430,2024-09-04,36,Good,PM2.5,Belle Glade,FL,26.7241,-80.663
33431,2024-09-04,55,Moderate,PM2.5,West Palm Beach,FL,26.715,-80.062
33431,2024-09-04,30,Good,PM10,West Palm Beach,FL,26.715,-80.062
33432,2024-09-04,58,Moderate,PM2.5,Broward County,FL,26.0102,-80.1951
33432,2024-09-04,36,Good,PM10,Broward County,FL,26.0102,-80.1951
33433,2024-09-04,58,Moderate,PM2.5,Broward County,FL,26.0102,-80.1951
33433,2024-09-04,36,Good,PM10,Broward County,FL,26.0102,-80.1951
33434,2024-09-04,55,Moderate,PM2.5,West Palm Beach,FL,26.715,-80.062
33434,2024-09-04,30,Good,PM10,West Palm Beach,FL,26.715,-80.062
33435,2024-09-04,55,Moderate,PM2.5,West Palm Beach,FL,26.715,-80.062
33435,2024-09-04,30,Good,PM10,West Palm Beach,FL,26.715,-80.062
33436,2024-09-04,55,Moderate,PM2.5,West Palm Beach,FL,26.715,-80.062
33436,2024-09-04,30,Good,PM10,West Palm Beach,FL,26.715,-80.062
33437,2024-09-04,55,Moderate,PM2.5,West Palm Beach,FL,26.715,-80.062
33437,2024-09-04,30,Good,PM10,West Palm Beach,FL,26.715,-80.062
33438,2024-09-04,36,Good,PM2.5,Belle Glade,FL,26.7241,-80.663
33439,2024-09-04,36,Good,PM2.5,Belle Glade,FL,26.7241,-80.663
33440,2024-09-04,36,Good,PM2.5,Belle Glade,FL,26.7241,-80.663
33441,2024-09-04,58,Moderate,PM2.5,Broward County,FL,26.0102,-80.1951
33441,2024-09-04,36,Good,PM10,Broward County,FL,26.0102,-80.1951
33442,2024-09-04,58,Moderate,PM2.5,Broward County,FL,26.0102,-80.1951
33442,2024-09-04,36,Good,PM10,Broward County,FL,26.0102,-80.1951
33444,2024-09-04,55,Moderate,PM2.5,West Palm Beach,FL,26.715,-80.062
33444,2024-09-04,30,Good,PM10,West Palm Beach,FL,26.715,-80.062
33445,2024-09-04,55,Moderate,PM2.5,West Palm Beach,FL,26.715,-80.062
33445,2024-09-04,30,Good,PM10,West Palm Beach,FL,26.715,-80.062
33446,2024-09-04,55,Moderate,PM2.5,West Palm Beach,FL,26.715,-80.062
33446,2024-09-04,30,Good,PM10,West Palm Beach,FL,26.715,-80.062
33447,2024-09-04,55,Moderate,PM2.5,West Palm Beach,FL,26.715,-80.062
33447,2024-09-04,30,Good,PM10,West Palm Beach,FL,26.715,-80.062
33449,2024-09-04,55,Moderate,PM2.5,West Palm Beach,FL,26.715,-80.062
33449,2024-09-04,30,Good,PM10,West Palm Beach,FL,26.715,-80.062
33458,2024-09-04,55,Moderate,PM2.5,West Palm Beach,FL,26.715,-80.062
33458,2024-09-04,30,Good,PM10,West Palm Beach,FL,26.715,-80.062
33460,2024-09-04,55,Moderate,PM2.5,West Palm Beach,FL,26.715,-80.062
33460,2024-09-04,30,Good,PM10,West Palm Beach,FL,26.715,-80.062
33461,2024-09-04,55,Moderate,PM2.5,West Palm Beach,FL,26.715,-80.062
33461,2024-09-04,30,Good,PM10,West Palm Beach,FL,26.715,-80.062
33462,2024-09-04,55,Moderate,PM2.5,West Palm Beach,FL,26.715,-80.062
33462,2024-09-04,30,Good,PM10,West Palm Beach,FL,26.715,-80.062
33463,2024-09-04,55,Moderate,PM2.5,West Palm Beach,FL,26.715,-80.062
33463,2024-09-04,30,Good,PM10,West Palm Beach,FL,26.715,-80.062
33467,2024-09-04,55,Moderate,PM2.5,West Palm Beach,FL,26.715,-80.062
33467,2024-09-04,30,Good,PM10,West Palm Beach,FL,26.715,-80.062
33469,2024-09-04,55,Moderate,PM2.5,West Palm Beach,FL,26.715,-80.062
33469,2024-09-04,30,Good,PM10,West Palm Beach,FL,26.715,-80.062
33470,2024-09-04,55,Moderate,PM2.5,West Palm Beach,FL,26.715,-80.062
33470,2024-09-04,30,Good,PM10,West Palm Beach,FL,26.715,-80.062
33472,2024-09-04,55,Moderate,PM2.5,West Palm Beach,FL,26.715,-80.062
33472,2024-09-04,30,Good,PM10,West Palm Beach,FL,26.715,-80.062
33473,2024-09-04,55,Moderate,PM2.5,West Palm Beach,FL,26.715,-80.062
33473,2024-09-04,30,Good,PM10,West Palm Beach,FL,26.715,-80.062
33476,2024-09-04,36,Good,PM2.5,Belle Glade,FL,26.7241,-80.663
33477,2024-09-04,55,Moderate,PM2.5,West Palm Beach,FL,26.715,-80.062
33477,2024-09-04,30,Good,PM10,West Palm Beach,FL,26.715,-80.062
33478,2024-09-04,55,Moderate,PM2.5,West Palm Beach,FL,26.715,-80.062
33478,2024-09-04,30,Good,PM10,West Palm Beach,FL,26.715,-80.062
33480,2024-09-04,55,Moderate,PM2.5,West Palm Beach,FL,26.715,-80.062
33480,2024-09-04,30,Good,PM10,West Palm Beach,FL,26.715,-80.062
33483,2024-09-04,55,Moderate,PM2.5,West Palm Beach,FL,26.715,-80.062
33483,2024-09-04,30,Good,PM10,West Palm Beach,FL,26.715,-80.062
33484,2024-09-04,55,Moderate,PM2.5,West Palm Beach,FL,26.715,-80.062
33484,2024-09-04,30,Good,PM10,West Palm Beach,FL,26.715,-80.062
33486,2024-09-04,58,Moderate,PM2.5,Broward County,FL,26.0102,-80.1951
33486,2024-09-04,36,Good,PM10,Broward County,FL,26.0102,-80.1951
33487,2024-09-04,55,Moderate,PM2.5,West Palm Beach,FL,26.715,-80.062
33487,2024-09-04,30,Good,PM10,West Palm Beach,FL,26.715,-80.062
33493,2024-09-04,36,Good,PM2.5,Belle Glade,FL,26.7241,-80.663
33496,2024-09-04,55,Moderate,PM2.5,West Palm Beach,FL,26.715,-80.062
33496,2024-09-04,30,Good,PM10,West Palm Beach,FL,26.715,-80.062
33498,2024-09-04,55,Moderate,PM2.5,West Palm Beach,FL,26.715,-80.062
33498,2024-09-04,30,Good,PM10,West Palm Beach,FL,26.715,-80.062
33510,2024-09-04,28,Good,PM2.5,Tampa,FL,27.959,-82.482
33510,2024-09-04,7,Good,PM10,Tampa,FL,27.959,-82.482
33511,2024-09-04,28,Good,PM2.5,Tampa,FL,27.959,-82.482
33511,2024-09-04,7,Good,PM10,Tampa,FL,27.959,-82.482
33513,2024-09-04,22,Good,PM2.5,Lake County,FL,28.703,-81.779
33514,2024-09-04,22,Good,PM2.5,Lake County,FL,28.703,-81.779
33523,2024-09-04,35,Good,PM2.5,Holiday,FL,28.3789,-82.4288
33525,2024-09-04,35,Good,PM2.5,Holiday,FL,28.3789,-82.4288
33534,2024-09-04,28,Good,PM2.5,Tampa,FL,27.959,-82.482
33534,2024-09-04,7,Good,PM10,Tampa,FL,27.959,-82.482
33538,2024-09-04,22,Good,PM2.5,Lake County,FL,28.703,-81.779
33540,2024-09-04,35,Good,PM2.5,Holiday,FL,28.3789,-82.4288
33541,2024-09-04,35,Good,PM2.5,Holiday,FL,28.3789,-82.4288
33542,2024-09-04,35,Good,PM2.5,Holiday,FL,28.3789,-82.4288
33543,2024-09-04,35,Good,PM2.5,Holiday,FL,28.3789,-82.4288
33544,2024-09-04,35,Good,PM2.5,Holiday,FL,28.3789,-82.4288
33545,2024-09-04,35,Good,PM2.5,Holiday,FL,28.3789,-82.4288
33547,2024-09-04,28,Good,PM2.5,Tampa,FL,27.959,-82.482
33547,2024-09-04,7,Good,PM10,Tampa,FL,27.959,-82.482
33548,2024-09-04,35,Good,PM2.5,Holiday,FL,28.3789,-82.4288
33549,2024-09-04,28,Good,PM2.5,Tampa,FL,27.959,-82.482
33549,2024-09-04,7,Good,PM10,Tampa,FL,27.959,-82.482
33556,2024-09-04,28,Good,PM2.5,Tampa,FL,27.959,-82.482
33556,2024-09-04,7,Good,PM10,Tampa,FL,27.959,-82.482
33558,2024-09-04,28,Good,PM2.5,Tampa,FL,27.959,-82.482
33558,2024-09-04,7,Good,PM10,Tampa,FL,27.959,-82.482
33559,2024-09-04,28,Good,PM2.5,Tampa,FL,27.959,-82.482
33559,2024-09-04,7,Good,PM10,Tampa,FL,27.959,-82.482
33569,2024-09-04,28,Good,PM2.5,Tampa,FL,27.959,-82.482
33569,2024-09-04,7,Good,PM10,Tampa,FL,27.959,-82.482
33570,2024-09-04,28,Good,PM2.5,Tampa,FL,27.959,-82.482
33570,2024-09-04,7,Good,PM10,Tampa,FL,27.959,-82.482
33572,2024-09-04,28,Good,PM2.5,Tampa,FL,27.959,-82.482
33572,2024-09-04,7,Good,PM10,Tampa,FL,27.959,-82.482
33573,2024-09-04,28,Good,PM2.5,Tampa,FL,27.959,-82.482
33573,2024-09-04,7,Good,PM10,Tampa,FL,27.959,-82.482
33576,2024-09-04,35,Good,PM2.5,Holiday,FL,28.3789,-82.4288
33578,2024-09-04,28,Good,PM2.5,Tampa,FL,27.959,-82.482
33578,2024-09-04,7,Good,PM10,Tampa,FL,27.959,-82.482
33579,2024-09-04,28,Good,PM2.5,Tampa,FL,27.959,-82.482
33579,2024-09-04,7,Good,PM10,Tampa,FL,27.959,-82.482
33584,2024-09-04,28,Good,PM2.5,Tampa,FL,27.959,-82.482
33584,2024-09-04,7,Good,PM10,Tampa,FL,27.959,-82.482
33585,2024-09-04,22,Good,PM2.5,Lake County,FL,28.703,-81.779
33592,2024-09-04,28,Good,PM2.5,Tampa,FL,27.959,-82.482
33592,2024-09-04,7,Good,PM10,Tampa,FL,27.959,-82.482
33594,2024-09-04,28,Good,PM2.5,Tampa,FL,27.959,-82.482
33594,2024-09-04,7,Good,PM10,Tampa,FL,27.959,-82.482
33596,2024-09-04,28,Good,PM2.5,Tampa,FL,27.959,-82.482
33596,2024-09-04,7,Good,PM10,Tampa,FL,27.959,-82.482
33597,2024-09-04,35,Good,PM2.5,Holiday,FL,28.3789,-82.4288
33598,2024-09-04,28,Good,PM2.5,Tampa,FL,27.959,-82.482
33598,2024-09-04,7,Good,PM10,Tampa,FL,27.959,-82.482
33602,2024-09-04,28,Good,PM2.5,Tampa,FL,27.959,-82.482
33602,2024-09-04,7,Good,PM10,Tampa,FL,27.959,-82.482
33603,2024-09-04,28,Good,PM2.5,Tampa,FL,27.959,-82.482
33603,2024-09-04,7,Good,PM10,Tampa,FL,27.959,-82.482
33604,2024-09-04,28,Good,PM2.5,Tampa,FL,27.959,-82.482
33604,2024-09-04,7,Good,PM10,Tampa,FL,27.959,-82.482
33605,2024-09-04,28,Good,PM2.5,Tampa,FL,27.959,-82.482
33605,2024-09-04,7,Good,PM10,Tampa,FL,27.959,-82.482
33606,2024-09-04,28,Good,PM2.5,Tampa,FL,27.959,-82.482
33606,2024-09-04,7,Good,PM10,Tampa,FL,27.959,-82.482
33607,2024-09-04,28,Good,PM2.5,Tampa,FL,27.959,-82.482
33607,2024-09-04,7,Good,PM10,Tampa,FL,27.959,-82.482
33609,2024-09-04,28,Good,PM2.5,Tampa,FL,27.959,-82.482
33609,2024-09-04,7,Good,PM10,Tampa,FL,27.959,-82.482
33610,2024-09-04,28,Good,PM2.5,Tampa,FL,27.959,-82.482
33610,2024-09-04,7,Good,PM10,Tampa,FL,27.959,-82.482
33611,2024-09-04,28,Good,PM2.5,Tampa,FL,27.959,-82.482
33611,2024-09-04,7,Good,PM10,Tampa,FL,27.959,-82.482
33612,2024-09-04,28,Good,PM2.5,Tampa,FL,27.959,-82.482
33612,2024-09-04,7,Good,PM10,Tampa,FL,27.959,-82.482
33613,2024-09-04,28,Good,PM2.5,Tampa,FL,27.959,-82.482
33613,2024-09-04,7,Good,PM10,Tampa,FL,27.959,-82.482
33614,2024-09-04,28,Good,PM2.5,Tampa,FL,27.959,-82.482
33614,2024-09-04,7,Good,PM10,Tampa,FL,27.959,-82.482
33615,2024-09-04,28,Good,PM2.5,Tampa,FL,27.959,-82.482
33615,2024-09-04,7,Good,PM10,Tampa,FL,27.959,-82.482
33616,2024-09-04,28,Good,PM2.5,Tampa,FL,27.959,-82.482
33616,2024-09-04,7,Good,PM10,Tampa,FL,27.959,-82.482
33617,2024-09-04,28,Good,PM2.5,Tampa,FL,27.959,-82.482
33617,2024-09-04,7,Good,PM10,Tampa,FL,27.959,-82.482
33618,2024-09-04,28,Good,PM2.5,Tampa,FL,27.959,-82.482
33618,2024-09-04,7,Good,PM10,Tampa,FL,27.959,-82.482
33619,2024-09-04,28,Good,PM2.5,Tampa,FL,27.959,-82.482
33619,2024-09-04,7,Good,PM10,Tampa,FL,27.959,-82.482
33621,2024-09-04,28,Good,PM2.5,Tampa,FL,27.959,-82.482
33621,2024-09-04,7,Good,PM10,Tampa,FL,27.959,-82.482
33624,2024-09-04,28,Good,PM2.5,Tampa,FL,27.959,-82.482
33624,2024-09-04,7,Good,PM10,Tampa,FL,27.959,-82.482
33625,2024-09-04,28,Good,PM2.5,Tampa,FL,27.959,-82.482
33625,2024-09-04,7,Good,PM10,Tampa,FL,27.959,-82.482
33626,2024-09-04,28,Good,PM2.5,Tampa,FL,27.959,-82.482
33626,2024-09-04,7,Good,PM10,Tampa,FL,27.959,-82.482
33629,2024-09-04,28,Good,PM2.5,Tampa,FL,27.959,-82.482
33629,2024-09-04,7,Good,PM10,Tampa,FL,27.959,-82.482
33634,2024-09-04,28,Good,PM2.5,Tampa,FL,27.959,-82.482
33634,2024-09-04,7,Good,PM10,Tampa,FL,27.959,-82.482
33635,2024-09-04,28,Good,PM2.5,Tampa,FL,27.959,-82.482
33635,2024-09-04,7,Good,PM10,Tampa,FL,27.959,-82.482
33637,2024-09-04,28,Good,PM2.5,Tampa,FL,27.959,-82.482
33637,2024-09-04,7,Good,PM10,Tampa,FL,27.959,-82.482
33647,2024-09-04,28,Good,PM2.5,Tampa,FL,27.959,-82.482
33647,2024-09-04,7,Good,PM10,Tampa,FL,27.959,-82.482
33690,2024-09-04,28,Good,PM2.5,Tampa,FL,27.959,-82.482
33690,2024-09-04,7,Good,PM10,Tampa,FL,27.959,-82.482
33701,2024-09-04,35,Good,PM2.5,St. Petersburg,FL,27.791,-82.74
33702,2024-09-04,35,Good,PM2.5,St. Petersburg,FL,27.791,-82.74
33703,2024-09-04,35,Good,PM2.5,St. Petersburg,FL,27.791,-82.74
33704,2024-09-04,35,Good,PM2.5,St. Petersburg,FL,27.791,-82.74
33705,2024-09-04,35,Good,PM2.5,St. Petersburg,FL,27.791,-82.74
33706,2024-09-04,35,Good,PM2.5,St. Petersburg,FL,27.791,-82.74
33707,2024-09-04,35,Good,PM2.5,St. Petersburg,FL,27.791,-82.74
33708,2024-09-04,35,Good,PM2.5,St. Petersburg,FL,27.791,-82.74
33709,2024-09-04,35,Good,PM2.5,St. Petersburg,FL,27.791,-82.74
33710,2024-09-04,35,Good,PM2.5,St. Petersburg,FL,27.791,-82.74
33711,2024-09-04,35,Good,PM2.5,St. Petersburg,FL,27.791,-82.74
33712,2024-09-04,35,Good,PM2.5,St. Petersburg,FL,27.791,-82.74
33713,2024-09-04,35,Good,PM2.5,St. Petersburg,FL,27.791,-82.74
33714,2024-09-04,35,Good,PM2.5,St. Petersburg,FL,27.791,-82.74
33715,2024-09-04,35,Good,PM2.5,St. Petersburg,FL,27.791,-82.74
33716,2024-09-04,35,Good,PM2.5,St. Petersburg,FL,27.791,-82.74
33730,2024-09-04,35,Good,PM2.5,St. Petersburg,FL,27.791,-82.74
33755,2024-09-04,35,Good,PM2.5,St. Petersburg,FL,27.791,-82.74
33756,2024-09-04,35,Good,PM2.5,St. Petersburg,FL,27.791,-82.74
33759,2024-09-04,35,Good,PM2.5,St. Petersburg,FL,27.791,-82.74
33760,2024-09-04,35,Good,PM2.5,St. Petersburg,FL,27.791,-82.74
33761,2024-09-04,28,Good,PM2.5,Tampa,FL,27.959,-82.482
33761,2024-09-04,7,Good,PM10,Tampa,FL,27.959,-82.482
33762,2024-09-04,35,Good,PM2.5,St. Petersburg,FL,27.791,-82.74
33763,2024-09-04,35,Good,PM2.5,St. Petersburg,FL,27.791,-82.74
33764,2024-09-04,35,Good,PM2.5,St. Petersburg,FL,27.791,-82.74
33765,2024-09-04,35,Good,PM2.5,St. Petersburg,FL,27.791,-82.74
33767,2024-09-04,35,Good,PM2.5,St. Petersburg,FL,27.791,-82.74
33770,2024-09-04,35,Good,PM2.5,St. Petersburg,FL,27.791,-82.74
33771,2024-09-04,35,Good,PM2.5,St. Petersburg,FL,27.791,-82.74
33772,2024-09-04,35,Good,PM2.5,St. Petersburg,FL,27.791,-82.74
33773,2024-09-04,35,Good,PM2.5,St. Petersburg,FL,27.791,-82.74
33774,2024-09-04,35,Good,PM2.5,St. Petersburg,FL,27.791,-82.74
33776,2024-09-04,35,Good,PM2.5,St. Petersburg,FL,27.791,-82.74
33777,2024-09-04,35,Good,PM2.5,St. Petersburg,FL,27.791,-82.74
33778,2024-09-04,35,Good,PM2.5,St. Petersburg,FL,27.791,-82.74
33781,2024-09-04,35,Good,PM2.5,St. Petersburg,FL,27.791,-82.74
33782,2024-09-04,35,Good,PM2.5,St. Petersburg,FL,27.791,-82.74
33785,2024-09-04,35,Good,PM2.5,St. Petersburg,FL,27.791,-82.74
33786,2024-09-04,35,Good,PM2.5,St. Petersburg,FL,27.791,-82.74
33825,2024-09-04,29,Good,PM2.5,Highlands County,FL,27.34,-81.34
33852,2024-09-04,29,Good,PM2.5,Highlands County,FL,27.34,-81.34
33857,2024-09-04,29,Good,PM2.5,Highlands County,FL,27.34,-81.34
33867,2024-09-04,22,Good,PM2.5,Osceola County,FL,28.102,-81.0755
33870,2024-09-04,29,Good,PM2.5,Highlands County,FL,27.34,-81.34
33872,2024-09-04,29,Good,PM2.5,Highlands County,FL,27.34,-81.34
33875,2024-09-04,29,Good,PM2.5,Highlands County,FL,27.34,-81.34
33876,2024-09-04,29,Good,PM2.5,Highlands County,FL,27.34,-81.34
33896,2024-09-04,22,Good,PM2.5,Orlando,FL,28.505,-81.374
33897,2024-09-04,22,Good,PM2.5,Orlando,FL,28.505,-81.374
33960,2024-09-04,29,Good,PM2.5,Highlands County,FL,27.34,-81.34
34102,2024-09-04,41,Good,PM2.5,Naples,FL,26.142,-81.7948
34103,2024-09-04,41,Good,PM2.5,Naples,FL,26.142,-81.7948
34104,2024-09-04,41,Good,PM2.5,Naples,FL,26.142,-81.7948
34105,2024-09-04,41,Good,PM2.5,Naples,FL,26.142,-81.7948
34108,2024-09-04,41,Good,PM2.5,Naples,FL,26.142,-81.7948
34109,2024-09-04,41,Good,PM2.5,Naples,FL,26.142,-81.7948
34110,2024-09-04,41,Good,PM2.5,Naples,FL,26.142,-81.7948
34112,2024-09-04,41,Good,PM2.5,Naples,FL,26.142,-81.7948
34113,2024-09-04,41,Good,PM2.5,Naples,FL,26.142,-81.7948
34114,2024-09-04,41,Good,PM2.5,Naples,FL,26.142,-81.7948
34116,2024-09-04,41,Good,PM2.5,Naples,FL,26.142,-81.7948
34117,2024-09-04,41,Good,PM2.5,Naples,FL,26.142,-81.7948
34119,2024-09-04,41,Good,PM2.5,Naples,FL,26.142,-81.7948
34120,2024-09-04,41,Good,PM2.5,Naples,FL,26.142,-81.7948
34134,2024-09-04,41,Good,PM2.5,Naples,FL,26.142,-81.7948
34135,2024-09-04,41,Good,PM2.5,Naples,FL,26.142,-81.7948
34145,2024-09-04,41,Good,PM2.5,Naples,FL,26.142,-81.7948
34201,2024-09-04,29,Good,PM2.5,Sarasota,FL,27.3259,-82.5499
34201,2024-09-04,11,Good,PM10,Sarasota,FL,27.3259,-82.5499
34202,2024-09-04,29,Good,PM2.5,Sarasota,FL,27.3259,-82.5499
34202,2024-09-04,11,Good,PM10,Sarasota,FL,27.3259,-82.5499
34203,2024-09-04,29,Good,PM2.5,Sarasota,FL,27.3259,-82.5499
34203,2024-09-04,11,Good,PM10,Sarasota,FL,27.3259,-82.5499
34205,2024-09-04,29,Good,PM2.5,Sarasota,FL,27.3259,-82.5499
34205,2024-09-04,11,Good,PM10,Sarasota,FL,27.3259,-82.5499
34207,2024-09-04,29,Good,PM2.5,Sarasota,FL,27.3259,-82.5499
34207,2024-09-04,11,Good,PM10,Sarasota,FL,27.3259,-82.5499
34208,2024-09-04,29,Good,PM2.5,Sarasota,FL,27.3259,-82.5499
34208,2024-09-04,11,Good,PM10,Sarasota,FL,27.3259,-82.5499
34209,2024-09-04,29,Good,PM2.5,Sarasota,FL,27.3259,-82.5499
34209,2024-09-04,11,Good,PM10,Sarasota,FL,27.3259,-82.5499
34210,2024-09-04,29,Good,PM2.5,Sarasota,FL,27.3259,-82.5499
34210,2024-09-04,11,Good,PM10,Sarasota,FL,27.3259,-82.5499
34211,2024-09-04,29,Good,PM2.5,Sarasota,FL,27.3259,-82.5499
34211,2024-09-04,11,Good,PM10,Sarasota,FL,27.3259,-82.5499
34212,2024-09-04,29,Good,PM2.5,Sarasota,FL,27.3259,-82.5499
34212,2024-09-04,11,Good,PM10,Sarasota,FL,27.3259,-82.5499
34215,2024-09-04,29,Good,PM2.5,Sarasota,FL,27.3259,-82.5499
34215,2024-09-04,11,Good,PM10,Sarasota,FL,27.3259,-82.5499
34217,2024-09-04,29,Good,PM2.5,Sarasota,FL,27.3259,-82.5499
34217,2024-09-04,11,Good,PM10,Sarasota,FL,27.3259,-82.5499
34219,2024-09-04,29,Good,PM2.5,Sarasota,FL,27.3259,-82.5499
34219,2024-09-04,11,Good,PM10,Sarasota,FL,27.3259,-82.5499
34221,2024-09-04,29,Good,PM2.5,Sarasota,FL,27.3259,-82.5499
34221,2024-09-04,11,Good,PM10,Sarasota,FL,27.3259,-82.5499
34222,2024-09-04,29,Good,PM2.5,Sarasota,FL,27.3259,-82.5499
34222,2024-09-04,11,Good,PM10,Sarasota,FL,27.3259,-82.5499
34228,2024-09-04,29,Good,PM2.5,Sarasota,FL,27.3259,-82.5499
34228,2024-09-04,11,Good,PM10,Sarasota,FL,27.3259,-82.5499
34229,2024-09-04,29,Good,PM2.5,Sarasota,FL,27.3259,-82.5499
34229,2024-09-04,11,Good,PM10,Sarasota,FL,27.3259,-82.5499
34231,2024-09-04,29,Good,PM2.5,Sarasota,FL,27.3259,-82.5499
34231,2024-09-04,11,Good,PM10,Sarasota,FL,27.3259,-82.5499
34232,2024-09-04,29,Good,PM2.5,Sarasota,FL,27.3259,-82.5499
34232,2024-09-04,11,Good,PM10,Sarasota,FL,27.3259,-82.5499
34233,2024-09-04,29,Good,PM2.5,Sarasota,FL,27.3259,-82.5499
34233,2024-09-04,11,Good,PM10,Sarasota,FL,27.3259,-82.5499
34234,2024-09-04,29,Good,PM2.5,Sarasota,FL,27.3259,-82.5499
34234,2024-09-04,11,Good,PM10,Sarasota,FL,27.3259,-82.5499
34235,2024-09-04,29,Good,PM2.5,Sarasota,FL,27.3259,-82.5499
34235,2024-09-04,11,Good,PM10,Sarasota,FL,27.3259,-82.5499
34236,2024-09-04,29,Good,PM2.5,Sarasota,FL,27.3259,-82.5499
34236,2024-09-04,11,Good,PM10,Sarasota,FL,27.3259,-82.5499
34237,2024-09-04,29,Good,PM2.5,Sarasota,FL,27.3259,-82.5499
34237,2024-09-04,11,Good,PM10,Sarasota,FL,27.3259,-82.5499
34238,2024-09-04,29,Good,PM2.5,Sarasota,FL,27.3259,-82.5499
34238,2024-09-04,11,Good,PM10,Sarasota,FL,27.3259,-82.5499
34239,2024-09-04,29,Good,PM2.5,Sarasota,FL,27.3259,-82.5499
34239,2024-09-04,11,Good,PM10,Sarasota,FL,27.3259,-82.5499
34240,2024-09-04,29,Good,PM2.5,Sarasota,FL,27.3259,-82.5499
34240,2024-09-04,11,Good,PM10,Sarasota,FL,27.3259,-82.5499
34241,2024-09-04,29,Good,PM2.5,Sarasota,FL,27.3259,-82.5499
34241,2024-09-04,11,Good,PM10,Sarasota,FL,27.3259,-82.5499
34242,2024-09-04,29,Good,PM2.5,Sarasota,FL,27.3259,-82.5499
34242,2024-09-04,11,Good,PM10,Sarasota,FL,27.3259,-82.5499
34243,2024-09-04,29,Good,PM2.5,Sarasota,FL,27.3259,-82.5499
34243,2024-09-04,11,Good,PM10,Sarasota,FL,27.3259,-82.5499
34251,2024-09-04,29,Good,PM2.5,Sarasota,FL,27.3259,-82.5499
34251,2024-09-04,11,Good,PM10,Sarasota,FL,27.3259,-82.5499
34275,2024-09-04,29,Good,PM2.5,Sarasota,FL,27.3259,-82.5499
34275,2024-09-04,11,Good,PM10,Sarasota,FL,27.3259,-82.5499
34285,2024-09-04,29,Good,PM2.5,Sarasota,FL,27.3259,-82.5499
34285,2024-09-04,11,Good,PM10,Sarasota,FL,27.3259,-82.5499
34292,2024-09-04,29,Good,PM2.5,Sarasota,FL,27.3259,-82.5499
34292,2024-09-04,11,Good,PM10,Sarasota,FL,27.3259,-82.5499
34293,2024-09-04,29,Good,PM2.5,Sarasota,FL,27.3259,-82.5499
34293,2024-09-04,11,Good,PM10,Sarasota,FL,27.3259,-82.5499
34420,2024-09-04,27,Good,PM2.5,Ocala,FL,29.1871,-82.1404
34428,2024-09-04,27,Good,PM2.5,Citrus County,FL,28.88,-82.52
34429,2024-09-04,27,Good,PM2.5,Citrus County,FL,28.88,-82.52
34431,2024-09-04,27,Good,PM2.5,Citrus County,FL,28.88,-82.52
34432,2024-09-04,27,Good,PM2.5,Ocala,FL,29.1871,-82.1404
34433,2024-09-04,27,Good,PM2.5,Citrus County,FL,28.88,-82.52
34434,2024-09-04,27,Good,PM2.5,Citrus County,FL,28.88,-82.52
34436,2024-09-04,27,Good,PM2.5,Citrus County,FL,28.88,-82.52
34442,2024-09-04,27,Good,PM2.5,Citrus County,FL,28.88,-82.52
34446,2024-09-04,27,Good,PM2.5,Citrus County,FL,28.88,-82.52
34448,2024-09-04,27,Good,PM2.5,Citrus County,FL,28.88,-82.52
34449,2024-09-04,27,Good,PM2.5,Citrus County,FL,28.88,-82.52
34450,2024-09-04,27,Good,PM2.5,Citrus County,FL,28.88,-82.52
34601,2024-09-04,32,Good,PM2.5,Holiday,FL,28.3789,-82.4288
34602,2024-09-04,32,Good,PM2.5,Holiday,FL,28.3789,-82.4288
34604,2024-09-04,32,Good,PM2.5,Holiday,FL,28.3789,-82.4288
34606,2024-09-04,32,Good,PM2.5,Holiday,FL,28.3789,-82.4288
34607,2024-09-04,32,Good,PM2.5,Holiday,FL,28.3789,-82.4288
34608,2024-09-04,32,Good,PM2.5,Holiday,FL,28.3789,-82.4288
34609,2024-09-04,32,Good,PM2.5,Holiday,FL,28.3789,-82.4288
34610,2024-09-04,32,Good,PM2.5,Holiday,FL,28.3789,-82.4288
34613,2024-09-04,32,Good,PM2.5,Holiday,FL,28.3789,-82.4288
34614,2024-09-04,32,Good,PM2.5,Holiday,FL,28.3789,-82.4288
34637,2024-09-04,32,Good,PM2.5,Holiday,FL,28.3789,-82.4288
34638,2024-09-04,32,Good,PM2.5,Holiday,FL,28.3789,-82.4288
34639,2024-09-04,32,Good,PM2.5,Holiday,FL,28.3789,-82.4288
34652,2024-09-04,32,Good,PM2.5,Holiday,FL,28.3789,-82.4288
34653,2024-09-04,32,Good,PM2.5,Holiday,FL,28.3789,-82.4288
34654,2024-09-04,33,Good,PM2.5,Holiday,FL,28.3789,-82.4288
34655,2024-09-04,33,Good,PM2.5,Holiday,FL,28.3789,-82.4288
34667,2024-09-04,33,Good,PM2.5,Holiday,FL,28.3789,-82.4288
34668,2024-09-04,33,Good,PM2.5,Holiday,FL,28.3789,-82.4288
34669,2024-09-04,33,Good,PM2.5,Holiday,FL,28.3789,-82.4288
34677,2024-09-04,32,Good,PM2.5,Tampa,FL,27.959,-82.482
34677,2024-09-04,16,Good,PM10,Tampa,FL,27.959,-82.482
34683,2024-09-04,32,Good,PM2.5,Tampa,FL,27.959,-82.482
34683,2024-09-04,16,Good,PM10,Tampa,FL,27.959,-82.482
34684,2024-09-04,32,Good,PM2.5,Tampa,FL,27.959,-82.482
34684,2024-09-04,16,Good,PM10,Tampa,FL,27.959,-82.482
34685,2024-09-04,32,Good,PM2.5,Tampa,FL,27.959,-82.482
34685,2024-09-04,16,Good,PM10,Tampa,FL,27.959,-82.482
34688,2024-09-04,32,Good,PM2.5,Tampa,FL,27.959,-82.482
34688,2024-09-04,16,Good,PM10,Tampa,FL,27.959,-82.482
34689,2024-09-04,32,Good,PM2.5,Tampa,FL,27.959,-82.482
34689,2024-09-04,16,Good,PM10,Tampa,FL,27.959,-82.482
34690,2024-09-04,32,Good,PM2.5,Tampa,FL,27.959,-82.482
34690,2024-09-04,16,Good,PM10,Tampa,FL,27.959,-82.482
34691,2024-09-04,32,Good,PM2.5,Tampa,FL,27.959,-82.482
34691,2024-09-04,16,Good,PM10,Tampa,FL,27.959,-82.482
34695,2024-09-04,32,Good,PM2.5,Tampa,FL,27.959,-82.482
34695,2024-09-04,16,Good,PM10,Tampa,FL,27.959,-82.482
34698,2024-09-04,33,Good,PM2.5,St. Petersburg,FL,27.791,-82.74
34945,2024-09-04,52,Moderate,PM2.5,Fort Pierce,FL,27.4389,-80.3356
34945,2024-09-04,25,Good,PM10,Fort Pierce,FL,27.4389,-80.3356
34946,2024-09-04,52,Moderate,PM2.5,Fort Pierce,FL,27.4389,-80.3356
34946,2024-09-04,25,Good,PM10,Fort Pierce,FL,27.4389,-80.3356
34947,2024-09-04,52,Moderate,PM2.5,Fort Pierce,FL,27.4389,-80.3356
34947,2024-09-04,25,Good,PM10,Fort Pierce,FL,27.4389,-80.3356
34949,2024-09-04,52,Moderate,PM2.5,Fort Pierce,FL,27.4389,-80.3356
34949,2024-09-04,25,Good,PM10,Fort Pierce,FL,27.4389,-80.3356
34950,2024-09-04,52,Moderate,PM2.5,Fort Pierce,FL,27.4389,-80.3356
34950,2024-09-04,25,Good,PM10,Fort Pierce,FL,27.4389,-80.3356
34951,2024-09-04,52,Moderate,PM2.5,Fort Pierce,FL,27.4389,-80.3356
34951,2024-09-04,25,Good,PM10,Fort Pierce,FL,27.4389,-80.3356
34952,2024-09-04,52,Moderate,PM2.5,Fort Pierce,FL,27.4389,-80.3356
34952,2024-09-04,25,Good,PM10,Fort Pierce,FL,27.4389,-80.3356
34953,2024-09-04,52,Moderate,PM2.5,Fort Pierce,FL,27.4389,-80.3356
34953,2024-09-04,25,Good,PM10,Fort Pierce,FL,27.4389,-80.3356
34956,2024-09-04,42,Good,PM2.5,Belle Glade,FL,26.7241,-80.663
34957,2024-09-04,52,Moderate,PM2.5,Fort Pierce,FL,27.4389,-80.3356
34957,2024-09-04,25,Good,PM10,Fort Pierce,FL,27.4389,-80.3356
34981,2024-09-04,52,Moderate,PM2.5,Fort Pierce,FL,27.4389,-80.3356
34981,2024-09-04,25,Good,PM10,Fort Pierce,FL,27.4389,-80.3356
34982,2024-09-04,52,Moderate,PM2.5,Fort Pierce,FL,27.4389,-80.3356
34982,2024-09-04,25,Good,PM10,Fort Pierce,FL,27.4389,-80.3356
34983,2024-09-04,52,Moderate,PM2.5,Fort Pierce,FL,27.4389,-80.3356
34983,2024-09-04,25,Good,PM10,Fort Pierce,FL,27.4389,-80.3356
34984,2024-09-04,52,Moderate,PM2.5,Fort Pierce,FL,27.4389,-80.3356
34984,2024-09-04,25,Good,PM10,Fort Pierce,FL,27.4389,-80.3356
34986,2024-09-04,52,Moderate,PM2.5,Fort Pierce,FL,27.4389,-80.3356
34986,2024-09-04,25,Good,PM10,Fort Pierce,FL,27.4389,-80.3356
34987,2024-09-04,52,Moderate,PM2.5,Fort Pierce,FL,27.4389,-80.3356
34987,2024-09-04,25,Good,PM10,Fort Pierce,FL,27.4389,-80.3356
34990,2024-09-04,52,Moderate,PM2.5,Fort Pierce,FL,27.4389,-80.3356
34990,2024-09-04,25,Good,PM10,Fort Pierce,FL,27.4389,-80.3356
34994,2024-09-04,52,Moderate,PM2.5,Fort Pierce,FL,27.4389,-80.3356
34994,2024-09-04,25,Good,PM10,Fort Pierce,FL,27.4389,-80.3356
34996,2024-09-04,52,Moderate,PM2.5,Fort Pierce,FL,27.4389,-80.3356
34996,2024-09-04,25,Good,PM10,Fort Pierce,FL,27.4389,-80.3356
34997,2024-09-04,52,Moderate,PM2.5,Fort Pierce,FL,27.4389,-80.3356
34997,2024-09-04,25,Good,PM10,Fort Pierce,FL,27.4389,-80.3356
